amount,is_in_contacts,hour_of_day,is_new_receiver,label
1877.07,0,22,1,0
10000.0,0,3,1,1
5266.98,1,17,1,0
3651.77,0,4,1,1
678.5,1,15,1,0
678.39,0,13,1,0
239.36,1,18,1,0
8044.92,1,13,1,0
3676.33,0,8,1,0
4925.0,0,5,1,1
83.2,0,16,1,0
10000.0,1,18,1,0
7145.72,0,11,1,1
954.75,1,3,1,0
802.72,0,15,1,0
810.45,0,10,1,0
1451.01,0,21,1,0
2975.71,0,3,1,1
2262.15,0,16,1,0
1376.89,1,7,1,0
3785.48,1,13,1,0
600.94,0,1,1,1
1382.06,1,10,1,0
1825.11,1,10,1,0
2435.74,1,23,1,0
6151.74,0,21,1,1
890.94,0,23,1,0
2888.12,0,5,1,1
3590.02,1,20,1,0
190.26,0,20,1,0
3741.33,0,13,1,0
747.85,0,9,1,0
269.06,0,7,1,0
10000.0,1,6,1,0
10000.0,0,7,1,1
6609.33,0,7,1,1
1453.15,1,22,1,0
411.11,1,1,1,0
4611.0,1,15,1,0
2320.36,1,8,1,0
520.61,1,12,1,0
2734.19,0,22,1,0
139.97,0,11,1,0
9601.69,1,21,1,0
1197.83,1,16,1,0
4345.02,1,1,1,0
1494.19,0,12,1,0
2936.44,0,0,1,0
3164.9,0,18,1,0
817.55,0,10,1,0
10000.0,0,4,1,1
5968.98,1,0,1,0
10000.0,0,19,1,1
9008.61,0,12,1,1
3644.22,0,7,1,0
10000.0,1,5,1,0
370.62,0,16,1,0
872.54,0,11,1,0
185.13,0,0,1,1
1574.13,0,2,1,0
1968.52,1,13,1,0
1266.24,1,7,1,0
7058.23,0,10,1,1
1764.91,0,13,1,0
1319.21,1,7,1,0
3129.63,0,2,1,1
607.59,0,6,1,0
6481.93,0,18,1,1
309.9,1,3,1,0
10000.0,0,15,1,1
5917.94,0,12,1,1
886.16,1,19,1,0
22.15,0,18,1,0
6759.59,0,4,1,1
4908.38,1,22,1,0
5222.65,0,4,1,1
5900.86,1,19,1,0
307.72,0,23,1,0
1775.57,0,3,1,1
492.6,0,1,1,0
7954.12,0,12,1,1
3905.2,0,15,1,0
1607.28,1,21,1,0
262.67,0,1,1,1
1489.95,0,18,1,0
1573.26,0,16,1,0
5231.5,1,4,1,0
4059.56,0,17,1,0
8729.01,0,22,1,1
2556.26,0,20,1,0
509.49,0,17,1,0
4996.51,0,7,1,0
5721.57,1,14,1,0
3295.55,0,12,1,0
5895.56,0,12,1,1
2723.26,0,15,1,0
2958.72,1,21,1,0
2231.26,0,19,1,0
102.99,0,12,1,0
456.67,0,19,1,0
127.73,0,1,1,1
4046.92,0,2,1,1
1509.59,0,14,1,0
2841.75,0,22,1,0
9525.06,0,18,1,1
1146.96,0,12,1,0
2113.13,0,4,1,1
5635.0,0,21,1,1
1039.22,1,5,1,0
320.42,1,13,1,0
1368.56,1,3,1,0
703.23,1,21,1,0
10000.0,1,18,1,0
6603.55,1,22,1,0
4013.98,0,6,1,0
8206.08,1,3,1,0
6511.88,0,1,1,1
825.98,0,6,1,0
8923.25,1,2,1,1
3100.4,0,14,1,0
6589.39,0,0,1,1
9056.97,1,1,1,0
1530.92,0,9,1,0
466.37,0,15,1,0
1034.75,1,14,1,0
2228.23,1,23,1,0
6815.32,0,14,1,1
7885.38,0,13,1,1
27.91,0,21,1,0
2859.5,1,13,1,0
2161.09,0,5,1,1
1004.67,0,13,1,0
510.72,0,16,1,0
1647.63,0,17,1,0
10000.0,1,19,1,0
1561.54,0,18,1,0
2925.81,1,16,1,0
4856.35,0,15,1,0
1807.9,1,7,1,0
10000.0,1,6,1,0
10000.0,0,19,1,1
1160.25,0,11,1,0
2750.64,0,8,1,0
1431.72,1,13,1,0
1341.0,0,19,1,0
150.34,1,0,1,0
3761.97,1,9,1,0
2794.08,1,16,1,0
211.4,1,16,1,0
1306.5,0,16,1,0
9555.44,0,3,1,1
1095.44,0,16,1,0
626.12,1,17,1,0
2689.09,1,19,1,0
10000.0,1,22,1,0
1108.58,0,1,1,1
4460.62,0,7,1,0
5735.55,1,12,1,0
1085.33,0,22,1,0
5211.0,0,21,1,1
1834.09,1,19,1,0
4002.01,0,21,1,0
4015.35,0,14,1,0
3069.54,0,19,1,0
378.52,0,22,1,0
7214.58,1,8,1,0
1547.24,0,2,1,1
825.73,0,2,1,1
166.52,0,1,1,0
3575.11,1,0,1,0
4527.41,0,13,1,0
66.91,0,16,1,0
2870.52,0,12,1,0
1027.3,0,18,1,0
4144.5,0,22,1,0
766.42,1,14,1,0
4696.85,1,13,1,0
1955.83,0,1,1,1
10000.0,0,6,1,1
591.78,1,16,1,0
1668.53,0,17,1,0
481.78,1,5,1,0
10000.0,0,20,1,1
8393.33,1,7,1,0
1193.31,1,1,1,0
4315.05,1,0,1,0
6797.94,1,15,1,0
3240.53,0,6,1,0
3017.12,1,21,1,0
1107.51,0,23,1,0
390.9,0,10,1,0
9100.49,1,14,1,0
9227.1,1,12,1,0
4010.68,1,23,1,0
1656.19,0,1,1,1
1718.27,1,13,1,0
5177.86,1,23,1,0
9096.39,0,5,1,1
8724.53,0,8,1,1
6054.25,0,6,1,1
4109.24,0,17,1,0
351.57,1,23,1,0
705.18,1,8,1,0
9152.92,1,22,1,0
3729.98,1,3,1,0
36.96,0,8,1,0
427.99,1,3,1,0
4356.65,0,11,1,0
20.3,1,3,1,0
701.26,0,23,1,0
3182.79,1,19,1,0
4709.26,0,13,1,0
4221.77,0,23,1,1
1015.8,1,23,1,0
4981.67,0,6,1,0
1083.3,1,12,1,0
1574.54,0,21,1,0
5489.43,1,7,1,0
4195.1,0,22,1,0
7567.82,0,4,1,1
4287.25,0,11,1,0
3360.18,0,12,1,0
393.43,0,19,1,0
1833.67,0,13,1,0
1232.64,0,17,1,0
1118.8,0,23,1,0
10000.0,0,19,1,1
1997.55,1,3,1,0
8904.22,0,20,1,1
3989.34,0,17,1,0
6335.3,1,6,1,0
2793.74,0,14,1,0
3440.62,1,20,1,0
2713.17,0,5,1,0
868.86,0,15,1,0
5127.05,0,19,1,1
1318.31,1,23,1,0
98.47,1,7,1,0
4147.88,0,20,1,0
779.73,0,15,1,0
10000.0,1,21,1,0
10000.0,0,15,1,1
9854.04,0,2,1,1
1849.15,1,16,1,0
62.31,1,8,1,0
10000.0,0,2,1,1
2235.75,1,19,1,0
10000.0,1,6,1,0
10000.0,0,17,1,1
7669.55,0,11,1,1
1395.1,0,18,1,0
1945.17,1,15,1,0
7618.91,1,21,1,0
1524.58,0,23,1,0
742.87,1,16,1,0
3254.95,0,19,1,0
10000.0,0,14,1,1
4763.3,0,0,1,1
3376.45,0,1,1,1
408.91,1,7,1,0
3818.12,0,21,1,0
10000.0,1,1,1,1
603.68,0,18,1,0
2921.98,0,8,1,0
8394.43,1,8,1,0
5400.14,0,12,1,1
4776.3,0,5,1,1
4849.15,0,14,1,0
1781.97,1,18,1,0
1390.25,0,20,1,0
6629.5,0,14,1,1
6645.31,0,17,1,1
8071.8,0,6,1,1
9778.46,1,10,1,0
2864.37,0,7,1,0
2784.74,0,5,1,0
6403.8,0,7,1,1
4198.88,0,1,1,1
4842.2,1,18,1,0
6354.48,0,15,1,1
8829.29,1,6,1,0
1649.93,0,9,1,0
1883.75,0,11,1,0
394.78,1,16,1,0
3453.66,0,6,1,0
146.42,1,21,1,0
2506.43,1,7,1,0
3129.18,0,6,1,0
1350.52,0,3,1,1
3574.53,1,2,1,0
123.9,0,18,1,0
152.25,0,14,1,0
6917.41,0,3,1,1
1786.34,0,8,1,0
543.56,1,12,1,0
2954.61,0,17,1,0
5878.59,0,20,1,1
972.47,1,15,1,0
3900.88,0,0,1,1
356.84,0,3,1,1
212.26,1,17,1,0
3031.64,0,7,1,0
3111.64,1,19,1,0
4058.15,1,15,1,0
5179.84,0,20,1,1
10000.0,0,10,1,1
2905.16,0,19,1,0
1560.08,0,20,1,0
6342.62,1,20,1,0
1263.41,1,20,1,0
2311.93,0,18,1,0
326.82,1,22,1,0
102.71,1,18,1,0
10000.0,1,17,1,0
7231.07,0,18,1,1
4762.57,0,10,1,0
2103.44,0,2,1,0
761.23,1,7,1,0
680.48,0,19,1,0
1152.02,0,18,1,0
3187.16,0,9,1,0
5015.4,0,15,1,1
4317.56,0,4,1,1
1313.65,1,19,1,0
10000.0,0,8,1,1
5356.07,0,7,1,1
3232.92,0,10,1,0
3784.12,0,15,1,0
2176.15,0,6,1,0
1138.65,0,14,1,0
1760.06,0,23,1,0
5672.73,0,20,1,1
57.99,0,19,1,0
493.52,0,22,1,0
188.38,1,16,1,0
166.33,1,5,1,0
7736.81,0,14,1,1
4864.96,0,7,1,0
2571.14,1,6,1,0
411.83,0,1,1,1
2706.07,1,12,1,0
2565.8,1,22,1,0
760.78,0,5,1,1
2275.6,0,4,1,1
2033.35,1,19,1,0
3826.89,0,0,1,1
4032.46,0,17,1,0
185.45,0,14,1,0
1877.54,0,22,1,0
3932.5,1,9,1,0
2797.76,1,2,1,0
7765.4,1,4,1,0
4299.9,0,23,1,1
711.41,0,12,1,0
292.73,0,7,1,0
4113.58,0,21,1,0
107.48,0,20,1,0
3525.39,1,1,1,0
10000.0,1,8,1,0
3427.13,0,16,1,0
1965.2,1,17,1,0
4123.31,0,12,1,0
2451.82,0,0,1,1
3155.26,1,11,1,0
10000.0,0,19,1,1
1951.71,1,19,1,0
10000.0,1,20,1,0
9430.3,0,4,1,1
871.59,1,7,1,0
287.54,0,14,1,0
424.9,0,2,1,1
73.56,0,5,1,1
396.82,0,12,1,0
4595.5,1,11,1,0
295.4,0,18,1,0
1536.63,1,17,1,0
7454.1,0,23,1,1
94.19,0,0,1,1
6738.12,1,6,1,0
1324.33,0,11,1,0
503.0,0,9,1,0
4772.62,0,11,1,0
3965.6,0,10,1,0
8397.66,0,3,1,1
5313.17,1,18,1,0
6507.98,0,5,1,1
1325.34,0,8,1,0
781.33,1,19,1,0
5555.03,0,9,1,1
6576.84,1,4,1,0
10000.0,0,12,1,1
2128.32,0,8,1,0
1860.98,1,1,1,0
5991.82,0,17,1,1
1666.93,1,20,1,0
10000.0,0,0,1,1
7819.36,0,23,1,1
2241.42,0,20,1,0
5559.14,0,11,1,1
5618.53,1,9,1,0
435.35,0,1,1,1
9313.78,1,8,1,0
2814.83,1,1,1,0
7005.33,0,22,1,1
1542.94,0,23,1,0
9035.16,1,21,1,0
1971.95,1,13,1,0
43.59,0,10,1,0
9431.63,0,22,1,1
382.9,0,10,1,0
1538.61,1,16,1,0
10000.0,0,3,1,1
10000.0,1,12,1,0
3407.99,0,6,1,0
3996.92,0,15,1,0
2380.06,0,0,1,0
1388.09,0,12,1,0
1593.95,0,0,1,1
4465.29,0,10,1,0
5583.35,0,5,1,1
6272.78,0,19,1,1
6235.32,0,2,1,1
382.55,1,11,1,0
2728.2,0,4,1,1
237.13,0,8,1,0
3189.85,0,11,1,0
2330.22,1,9,1,0
8746.47,0,18,1,1
1728.77,1,4,1,0
498.02,1,4,1,0
617.23,1,8,1,0
5733.72,0,19,1,1
3851.62,1,16,1,0
426.43,0,9,1,0
351.42,0,20,1,0
4828.83,1,0,1,0
302.18,0,21,1,0
6900.74,1,15,1,0
4900.0,0,14,1,0
339.4,1,22,1,0
354.62,0,16,1,0
10000.0,0,19,1,1
1875.35,0,12,1,0
1852.22,1,0,1,0
6702.3,0,7,1,1
10000.0,0,4,1,1
10000.0,0,5,1,1
5599.6,1,22,1,0
1888.08,0,19,1,0
348.78,0,13,1,0
6004.97,0,21,1,1
3269.44,0,22,1,0
2208.13,0,10,1,0
9472.95,0,5,1,1
471.52,1,10,1,0
2714.02,0,12,1,0
45.67,0,11,1,0
2529.42,0,21,1,0
231.8,1,1,1,0
505.96,1,20,1,0
500.1,1,2,1,0
4190.27,0,22,1,0
5482.39,0,3,1,1
3502.22,0,16,1,0
10000.0,0,21,1,1
1879.19,0,5,1,1
1345.88,1,6,1,0
8118.01,1,14,1,0
1012.33,1,10,1,0
10000.0,0,23,1,1
48.92,1,2,1,0
10000.0,0,5,1,1
176.48,0,1,1,1
8870.88,1,13,1,0
3000.57,0,8,1,0
10000.0,0,17,1,1
306.65,0,18,1,0
3228.44,1,11,1,0
10000.0,1,12,1,0
2961.78,0,11,1,0
3970.51,1,11,1,0
4759.6,0,17,1,0
2424.51,0,8,1,0
3950.7,1,16,1,0
3511.3,1,20,1,0
9256.93,1,15,1,0
186.05,0,16,1,0
1319.37,1,20,1,0
10000.0,1,23,1,0
8838.7,1,7,1,0
2432.7,0,10,1,0
3871.73,1,23,1,0
1299.49,0,1,1,1
833.62,0,7,1,0
2492.23,0,11,1,0
1743.81,0,20,1,0
3504.97,0,0,1,1
323.69,1,22,1,0
10000.0,0,12,1,1
10000.0,1,21,1,0
4791.46,0,20,1,0
3072.31,0,16,1,0
1481.52,0,13,1,0
6723.63,0,13,1,1
4617.32,0,15,1,0
709.89,0,16,1,0
9673.2,0,5,1,1
6915.98,0,6,1,1
10000.0,0,0,1,1
5174.42,0,14,1,1
3801.62,0,19,1,0
2166.81,1,20,1,0
10000.0,1,17,1,0
8041.57,1,12,1,0
185.09,0,23,1,0
106.88,1,1,1,0
1889.39,1,18,1,0
6654.59,1,14,1,0
10000.0,0,11,1,1
652.04,1,14,1,0
3606.9,1,17,1,0
1917.89,0,13,1,0
10000.0,1,5,1,0
7383.65,0,11,1,1
7288.76,0,19,1,1
2529.66,0,22,1,0
2143.34,1,5,1,0
1277.56,0,8,1,0
232.11,0,3,1,1
8001.7,0,16,1,1
6704.47,0,1,1,1
10000.0,0,15,1,1
10000.0,1,23,1,0
3242.61,1,13,1,0
5861.13,0,7,1,1
10000.0,0,13,1,1
7579.09,0,1,1,1
1136.61,1,15,1,0
2395.31,0,3,1,1
553.19,0,0,1,1
10000.0,0,22,1,1
3727.39,1,19,1,0
1038.41,1,13,1,0
4455.32,1,7,1,0
3850.68,1,2,1,0
1773.68,0,4,1,0
482.16,0,5,1,1
4453.77,0,21,1,0
2938.44,0,7,1,0
5919.23,0,5,1,1
2937.24,0,5,1,1
7647.08,0,3,1,1
3211.02,1,6,1,0
3292.46,1,23,1,0
8371.03,1,18,1,0
2066.59,1,6,1,0
575.55,0,2,1,0
116.82,1,7,1,0
5628.23,0,0,1,1
3873.6,1,0,1,0
4870.66,0,13,1,0
957.93,1,5,1,0
586.45,0,9,1,0
58.61,0,13,1,0
1726.75,1,3,1,0
3565.59,0,5,1,0
1991.93,1,15,1,0
2301.28,1,20,1,0
9380.25,1,0,1,0
1712.41,1,5,1,0
2886.1,1,8,1,0
6123.49,0,14,1,1
2020.32,1,11,1,0
3892.36,1,2,1,0
7932.56,1,10,1,0
10000.0,0,14,1,1
636.33,1,2,1,0
10000.0,1,13,1,0
2710.01,1,1,1,0
1194.94,0,3,1,1
2458.35,0,18,1,0
10000.0,0,11,1,1
2713.97,1,1,1,0
1594.46,1,16,1,0
4013.95,0,2,1,1
1098.51,0,9,1,0
315.58,0,15,1,0
551.9,0,21,1,0
548.07,1,8,1,0
659.04,1,10,1,0
597.84,0,20,1,0
4096.34,0,14,1,0
802.99,0,2,1,1
1696.56,1,15,1,0
9083.9,0,20,1,1
2569.52,0,20,1,0
4405.16,0,20,1,0
756.51,1,11,1,0
854.2,1,22,1,0
166.91,1,4,1,0
740.19,0,6,1,0
1306.19,0,8,1,0
779.25,0,20,1,0
371.54,1,17,1,0
514.22,0,20,1,0
2470.52,0,7,1,0
924.37,1,11,1,0
1811.92,1,19,1,0
2800.02,0,1,1,1
4689.83,0,9,1,0
160.42,0,18,1,0
6425.98,1,8,1,0
3954.37,1,23,1,0
341.18,0,7,1,0
8272.54,0,23,1,1
10000.0,1,23,1,0
252.09,1,23,1,0
1296.71,0,0,1,1
6563.74,0,5,1,1
5517.43,0,11,1,1
815.92,0,23,1,0
939.6,1,18,1,0
1851.14,1,16,1,0
2650.65,1,1,1,0
3852.01,0,10,1,0
1841.25,1,17,1,0
2483.56,0,22,1,0
5504.92,0,21,1,1
149.49,0,10,1,0
1163.75,0,17,1,0
4997.97,1,7,1,0
9023.07,0,14,1,1
2867.12,0,8,1,0
3038.12,0,14,1,0
453.45,0,6,1,0
2372.57,0,19,1,0
3042.43,0,12,1,0
1110.77,1,12,1,0
1254.7,0,0,1,1
1894.66,0,19,1,0
81.1,0,3,1,1
1554.9,1,23,1,0
950.23,0,3,1,0
1587.0,0,3,1,1
510.25,0,12,1,0
8848.32,0,1,1,1
3601.6,0,22,1,0
4546.53,1,14,1,0
6226.84,1,3,1,0
2760.15,0,5,1,1
363.73,1,2,1,0
3081.03,1,6,1,0
3535.69,0,5,1,1
5472.87,0,2,1,1
2260.14,0,3,1,1
545.94,0,9,1,0
1335.05,1,20,1,0
1804.46,1,8,1,0
4152.9,1,5,1,0
3383.13,1,19,1,0
1760.83,0,10,1,0
10000.0,0,6,1,1
3723.33,1,17,1,0
1083.18,0,3,1,1
429.37,1,4,1,0
663.55,1,3,1,0
1129.23,1,3,1,0
700.66,1,12,1,0
825.97,0,15,1,0
1342.42,1,13,1,0
761.61,1,10,1,0
9083.01,0,1,1,1
334.54,1,21,1,0
2973.65,0,13,1,0
2113.22,1,23,1,0
10000.0,0,23,1,1
475.31,0,6,1,0
2029.03,0,10,1,0
10000.0,1,3,1,0
8024.98,0,6,1,1
6794.65,0,15,1,1
1193.1,0,5,1,1
749.6,1,5,1,0
4418.24,0,1,1,0
10000.0,0,23,1,1
3254.6,1,7,1,0
3390.91,0,6,1,0
1313.9,1,23,1,0
5869.9,0,13,1,1
828.31,1,8,1,0
1564.35,0,14,1,0
2216.58,0,21,1,0
2833.94,1,17,1,0
1110.45,0,11,1,0
487.93,1,22,1,0
3772.8,0,18,1,0
1362.25,0,12,1,0
3481.81,0,6,1,0
670.66,1,9,1,0
2624.49,0,9,1,0
3042.19,0,1,1,1
212.86,0,13,1,0
1641.53,0,12,1,0
577.4,0,21,1,0
261.89,1,5,1,0
10000.0,0,8,1,1
1556.52,1,12,1,0
6640.28,0,8,1,1
1175.56,1,12,1,0
4576.57,1,4,1,0
5712.26,0,13,1,1
3621.79,1,4,1,0
2551.43,0,8,1,0
2123.03,1,7,1,0
1716.17,1,6,1,0
10000.0,0,7,1,1
7102.43,0,21,1,1
10000.0,0,2,1,1
530.91,0,22,1,0
5250.21,0,23,1,1
10000.0,0,14,1,1
799.82,0,7,1,0
275.24,1,0,1,0
5405.57,0,6,1,1
3417.71,0,18,1,0
7376.31,1,1,1,0
602.23,0,13,1,0
6344.2,0,17,1,1
900.72,0,14,1,0
714.86,1,13,1,0
717.78,1,23,1,0
6740.41,0,18,1,1
4376.85,1,18,1,0
2961.5,0,21,1,0
1777.85,1,16,1,0
8388.81,1,21,1,0
1993.25,1,18,1,0
6784.33,0,15,1,1
2313.1,0,19,1,0
1892.48,0,18,1,0
2484.64,1,0,1,0
1434.58,0,18,1,0
5507.11,1,6,1,0
2794.41,1,22,1,0
1056.97,0,10,1,0
9193.36,1,4,1,0
1937.33,1,16,1,0
3137.13,1,10,1,0
9477.98,1,23,1,0
3915.2,1,7,1,0
497.26,0,9,1,0
10000.0,1,11,1,0
3952.31,0,9,1,0
1631.31,1,12,1,0
599.91,1,17,1,0
6320.01,0,9,1,1
3871.1,1,18,1,0
3049.66,0,19,1,0
8973.21,0,16,1,1
6215.96,0,19,1,1
657.97,1,15,1,0
1494.25,1,4,1,0
1142.68,1,2,1,0
5449.47,0,14,1,1
136.43,1,1,1,0
3374.85,1,12,1,0
5749.65,0,21,1,1
8374.67,0,7,1,1
1674.7,0,22,1,0
6887.23,1,16,1,0
468.98,1,3,1,0
7494.98,1,18,1,0
545.52,0,21,1,0
2025.26,1,8,1,0
6384.02,0,22,1,1
649.69,0,14,1,0
1041.57,1,8,1,0
5124.17,0,23,1,1
5092.38,1,20,1,0
4099.38,0,8,1,0
4736.01,1,13,1,0
3129.88,0,22,1,0
1160.33,0,20,1,0
1696.73,0,15,1,0
801.61,0,23,1,0
9563.5,1,22,1,0
3502.44,0,16,1,0
2048.98,1,12,1,0
2479.63,1,8,1,0
10000.0,0,14,1,1
665.88,0,6,1,0
3529.78,1,0,1,0
2819.98,1,0,1,0
3781.38,1,4,1,0
73.1,0,23,1,0
8226.77,1,8,1,0
10000.0,0,11,1,1
3330.86,1,5,1,0
4771.48,1,12,1,0
10000.0,0,7,1,1
4913.59,0,14,1,0
662.04,0,5,1,1
3434.81,0,5,1,1
3732.88,1,3,1,0
2207.5,0,10,1,0
5333.96,0,20,1,1
10000.0,0,17,1,1
10000.0,1,2,1,0
2397.46,1,2,1,0
480.71,0,11,1,0
10000.0,0,20,1,1
7302.87,1,20,1,0
532.58,1,5,1,0
10000.0,0,20,1,1
8157.7,0,5,1,1
2926.21,0,7,1,0
3578.86,0,14,1,0
2036.66,0,17,1,0
225.27,1,19,1,0
1633.06,0,15,1,0
6495.23,1,5,1,0
18.57,0,20,1,0
1622.86,1,16,1,0
2031.11,1,8,1,0
3083.53,0,18,1,0
10000.0,0,17,1,1
1700.71,1,22,1,0
1704.43,0,4,1,1
5350.04,0,5,1,1
2407.51,0,11,1,0
1017.53,1,10,1,0
2409.13,0,15,1,0
607.28,1,19,1,0
776.22,0,16,1,0
2759.55,1,19,1,0
2171.5,0,8,1,0
9853.17,1,0,1,0
1800.14,0,2,1,1
3475.61,1,20,1,0
4001.56,1,22,1,0
52.72,0,8,1,0
4357.07,0,21,1,0
784.23,0,18,1,0
10000.0,0,12,1,1
643.79,1,22,1,0
2142.0,0,13,1,0
356.85,0,19,1,0
10000.0,1,18,1,0
2790.19,0,22,1,0
3619.28,0,6,1,0
277.73,0,3,1,1
5544.55,1,11,1,0
942.41,1,22,1,0
9133.26,1,13,1,0
918.36,0,1,1,1
846.28,1,0,1,0
148.94,0,17,1,0
2555.14,0,19,1,0
3328.18,0,7,1,0
271.87,0,2,1,1
5976.01,0,5,1,1
2415.34,0,21,1,0
2972.63,0,12,1,0
2324.73,0,8,1,0
2048.39,1,8,1,0
3280.65,0,19,1,0
674.81,1,8,1,0
803.22,0,14,1,0
7915.8,1,12,1,0
10000.0,0,21,1,1
1869.21,0,15,1,0
1262.93,0,1,1,1
4131.29,1,13,1,0
2101.96,1,5,1,0
102.86,0,1,1,1
679.13,0,7,1,0
5034.73,1,3,1,0
4302.6,1,20,1,0
109.88,0,23,1,0
1003.97,0,13,1,0
1051.05,0,10,1,0
4457.66,1,23,1,0
79.63,0,13,1,0
439.74,1,11,1,0
6436.07,0,15,1,1
786.71,0,5,1,1
4230.8,0,19,1,0
1088.19,1,0,1,0
418.96,1,11,1,0
1114.48,0,6,1,0
5124.38,1,7,1,0
7743.35,0,8,1,1
7093.0,0,1,1,1
2024.57,0,16,1,0
4411.51,0,19,1,0
917.57,0,12,1,0
1387.73,1,4,1,0
9066.39,0,9,1,1
52.35,1,11,1,0
357.55,0,16,1,0
932.2,1,20,1,0
107.56,0,5,1,1
800.81,0,2,1,1
3499.07,0,14,1,0
2188.75,0,6,1,0
8927.45,1,5,1,0
6802.78,0,3,1,1
1673.09,1,18,1,0
1201.31,0,4,1,1
1910.16,0,2,1,1
3569.27,0,8,1,0
1248.25,1,5,1,0
3914.25,1,12,1,0
2106.54,0,21,1,0
3212.27,0,19,1,0
2291.7,0,3,1,1
1395.2,1,1,1,0
10000.0,1,3,1,0
5769.02,0,7,1,1
603.82,0,12,1,0
8114.02,0,9,1,0
2673.28,1,17,1,0
8998.16,0,8,1,1
6434.86,1,0,1,0
2215.03,0,12,1,0
90.9,1,17,1,0
1251.6,1,14,1,0
3120.35,1,1,1,0
4014.79,1,10,1,0
1193.02,1,13,1,0
600.3,0,21,1,0
7205.55,0,14,1,1
10000.0,0,13,1,1
2983.58,1,15,1,0
753.42,0,22,1,0
1271.51,1,14,1,0
74.25,1,18,1,0
9827.55,0,8,1,1
501.12,0,4,1,0
3436.96,0,4,1,1
1281.13,0,10,1,0
3231.34,0,19,1,0
4215.55,0,23,1,1
7081.76,1,3,1,0
924.81,1,19,1,0
44.23,0,17,1,0
588.83,0,2,1,0
9211.09,0,3,1,1
8282.41,1,13,1,1
3639.38,1,6,1,0
3670.33,0,7,1,0
4374.94,0,23,1,1
771.29,1,15,1,0
9832.84,1,19,1,0
2170.44,0,14,1,0
1932.44,1,6,1,0
2926.87,0,16,1,0
192.42,0,21,1,0
727.45,1,21,1,0
5358.16,1,21,1,0
345.71,0,11,1,0
3696.81,1,17,1,0
1126.0,0,23,1,0
1972.57,1,13,1,0
1362.61,0,14,1,0
1758.19,1,14,1,0
5078.26,1,4,1,0
1410.29,0,15,1,0
3342.57,1,4,1,0
2585.44,1,1,1,0
4358.66,1,19,1,0
10000.0,0,8,1,1
5275.62,1,21,1,0
967.98,1,8,1,0
126.72,0,3,1,1
1216.68,1,14,1,0
3616.24,0,10,1,0
211.18,0,0,1,1
2743.62,0,17,1,0
3633.72,0,0,1,1
1627.33,1,7,1,0
5894.6,0,15,1,1
450.88,1,21,1,0
312.44,0,17,1,0
5210.59,0,21,1,1
2736.68,0,8,1,0
4664.17,0,11,1,0
2282.5,1,18,1,0
1131.59,1,17,1,0
6839.29,1,4,1,0
6426.09,0,1,1,1
4745.8,0,6,1,0
1270.61,0,9,1,0
3568.64,0,14,1,0
1791.24,0,6,1,0
384.2,1,4,1,0
9970.8,0,14,1,1
588.52,1,19,1,0
10000.0,0,19,1,1
2362.4,0,14,1,0
818.92,1,9,1,0
3122.68,0,23,1,0
8252.57,1,13,1,0
5270.43,1,9,1,0
6571.18,0,16,1,1
4300.95,1,20,1,0
4714.22,0,13,1,0
7567.09,0,1,1,1
1148.96,1,15,1,0
2688.87,0,12,1,0
1000.05,1,8,1,0
10000.0,1,6,1,0
10000.0,1,15,1,0
160.9,0,9,1,0
4890.93,0,23,1,1
10000.0,1,21,1,0
796.61,0,8,1,0
3356.81,0,21,1,0
9883.46,0,22,1,1
138.14,0,6,1,0
4781.64,0,15,1,0
1411.58,1,8,1,0
10000.0,1,23,1,0
10000.0,0,16,1,1
10000.0,0,19,1,1
2571.45,0,6,1,0
7923.24,1,10,1,0
7445.71,0,7,1,1
1537.36,1,6,1,0
7062.39,0,18,1,1
150.84,1,19,1,0
3628.03,0,11,1,0
1045.5,1,6,1,0
513.91,0,7,1,0
320.3,1,6,1,0
4766.71,0,5,1,1
1661.3,1,8,1,0
5160.55,1,12,1,0
270.36,0,6,1,0
1515.04,1,7,1,0
3101.69,0,21,1,0
6256.39,0,16,1,1
1535.32,0,16,1,0
3932.84,0,15,1,0
8685.45,1,21,1,0
3827.03,1,1,1,0
1060.86,0,7,1,0
98.81,0,16,1,0
8163.93,1,12,1,0
86.0,1,17,1,0
8308.23,0,23,1,1
3011.05,1,21,1,0
10000.0,0,9,1,1
6413.49,0,1,1,1
10000.0,1,1,1,0
1727.51,0,13,1,0
5830.1,0,15,1,1
2056.2,0,6,1,0
2614.75,1,20,1,0
3950.13,1,20,1,0
8275.66,0,23,1,1
10000.0,0,11,1,1
5848.79,0,22,1,1
2163.54,0,13,1,0
2188.28,0,3,1,1
5351.27,1,3,1,0
1091.32,0,17,1,0
468.27,0,2,1,1
1751.68,0,0,1,1
1354.44,0,16,1,0
1405.66,1,6,1,0
1064.24,0,15,1,0
172.02,0,4,1,1
72.14,0,18,1,0
10000.0,0,6,1,1
2232.88,0,13,1,0
1940.15,0,1,1,1
4553.33,0,2,1,1
984.9,0,16,1,0
10000.0,0,15,1,1
6173.57,0,7,1,1
374.65,1,17,1,0
2162.26,0,14,1,0
8451.77,0,6,1,1
10000.0,0,8,1,1
2519.95,0,5,1,1
3801.58,1,17,1,0
731.05,0,17,1,0
10000.0,1,23,1,0
1054.15,0,13,1,0
10000.0,0,13,1,1
4195.25,1,13,1,0
3743.29,0,3,1,1
2875.41,0,3,1,1
1048.94,0,14,1,0
776.9,1,14,1,0
996.34,0,17,1,0
825.33,1,13,1,0
6048.96,0,0,1,1
1723.9,1,9,1,0
238.33,0,19,1,0
10000.0,1,9,1,0
8609.28,0,9,1,1
10000.0,1,23,1,0
10000.0,0,1,1,1
764.13,0,7,1,1
2018.33,0,0,1,1
5679.21,0,0,1,1
4763.18,0,3,1,1
668.45,1,6,1,0
6767.65,1,8,1,0
1016.68,0,15,1,0
1013.47,1,4,1,0
3079.89,0,1,1,1
3595.18,0,22,1,0
3470.82,1,10,1,0
383.78,1,17,1,0
8397.3,1,18,1,0
1234.81,0,12,1,0
554.82,1,23,1,0
8783.83,0,10,1,1
10000.0,0,19,1,1
7925.71,0,18,1,1
6632.75,1,16,1,0
4259.65,1,4,1,0
3201.66,1,12,1,0
364.02,0,19,1,1
2100.06,0,0,1,1
1865.25,0,9,1,0
1203.09,0,7,1,0
5141.02,0,23,1,1
2739.73,1,7,1,0
338.08,0,18,1,0
994.79,0,5,1,1
4598.68,0,11,1,0
316.74,0,6,1,0
7620.79,0,15,1,1
2733.95,1,8,1,0
2620.22,1,20,1,0
3589.95,1,21,1,0
6964.59,0,9,1,1
1709.67,0,9,1,0
4533.02,0,9,1,0
3336.37,1,19,1,0
1242.59,1,15,1,0
8435.65,0,0,1,1
6386.6,0,16,1,1
4297.07,0,20,1,0
7604.02,1,13,1,0
8078.48,1,18,1,0
4928.98,0,20,1,0
7256.35,0,20,1,1
4782.32,0,16,1,0
4559.5,0,13,1,0
3855.75,0,7,1,0
5588.88,0,20,1,1
690.78,1,20,1,0
8510.19,1,8,1,0
8218.01,0,7,1,1
118.73,1,12,1,0
6990.59,0,16,1,1
551.86,0,18,1,0
1632.59,0,6,1,0
5442.64,0,16,1,1
701.03,0,0,1,0
6814.27,0,4,1,1
7138.36,0,5,1,1
2832.78,1,1,1,0
25.63,0,15,1,0
1353.31,0,21,1,0
3838.12,0,4,1,1
10000.0,1,4,1,0
3996.66,0,11,1,0
1203.36,1,2,1,0
4020.55,0,15,1,0
3105.99,0,5,1,1
6053.7,0,14,1,1
452.59,0,14,1,0
5725.63,0,15,1,1
3117.14,0,19,1,0
10000.0,0,12,1,1
1673.42,0,11,1,0
4005.45,0,9,1,0
10000.0,1,13,1,0
432.61,0,1,1,1
10000.0,1,2,1,1
4657.54,1,8,1,0
280.99,0,10,1,0
1432.21,0,10,1,0
4926.36,0,21,1,0
278.9,1,9,1,0
3490.73,1,13,1,0
1697.88,1,8,1,0
3879.98,1,19,1,0
187.28,1,20,1,0
8208.45,0,9,1,1
10000.0,0,21,1,1
10000.0,1,8,1,0
5539.61,0,4,1,1
557.44,0,7,1,0
5679.62,1,10,1,0
99.58,0,0,1,1
89.49,1,20,1,0
1563.94,1,9,1,0
2682.75,0,0,1,1
5885.8,1,21,1,0
4599.14,0,6,1,0
2361.66,0,13,1,0
1278.76,0,4,1,1
10000.0,0,16,1,1
2221.77,0,21,1,0
2401.45,0,20,1,0
714.71,0,5,1,1
6335.27,0,15,1,1
4732.53,1,10,1,0
997.79,1,9,1,0
343.89,0,14,1,0
4563.98,0,6,1,0
4251.18,0,22,1,0
1276.74,0,1,1,1
10000.0,1,11,1,0
655.06,1,18,1,0
2264.89,0,11,1,0
10000.0,0,15,1,1
2177.03,0,5,1,1
4070.26,1,2,1,0
2027.3,0,1,1,1
1282.01,1,19,1,0
10000.0,1,4,1,0
2106.02,0,10,1,0
8981.01,0,2,1,1
1045.22,1,2,1,0
958.64,0,21,1,0
126.52,0,4,1,1
4218.38,0,21,1,0
1838.8,1,22,1,0
7990.95,1,10,1,0
2563.81,1,2,1,0
10000.0,1,12,1,0
820.85,1,20,1,0
8118.74,1,7,1,0
5995.11,0,19,1,1
5894.77,0,9,1,1
7451.73,1,1,1,0
5725.57,1,3,1,0
3936.36,1,17,1,0
562.78,0,18,1,0
132.27,1,3,1,0
10000.0,1,19,1,0
3835.23,0,8,1,0
6369.09,0,15,1,1
2627.43,0,5,1,1
499.12,0,3,1,1
534.97,0,8,1,0
4627.92,0,12,1,0
2250.62,0,8,1,0
895.2,1,5,1,0
2705.9,1,20,1,0
265.45,1,18,1,0
3488.82,0,13,1,0
1253.33,0,20,1,0
6389.23,1,14,1,0
1486.35,0,2,1,1
2429.49,1,4,1,0
46.75,1,20,1,0
300.82,0,17,1,0
1993.57,1,13,1,0
2615.24,0,15,1,0
3665.37,0,13,1,0
1379.34,1,8,1,0
4749.54,0,14,1,0
7867.95,1,6,1,0
6053.8,0,13,1,1
161.7,0,5,1,1
2619.61,0,20,1,0
443.41,1,14,1,0
1108.53,0,19,1,0
10000.0,0,7,1,1
614.92,1,1,1,0
2763.7,0,7,1,0
3850.97,1,0,1,0
4848.89,0,16,1,0
3280.73,1,18,1,0
39.28,1,4,1,0
1580.84,0,21,1,0
2916.85,0,19,1,0
367.88,1,15,1,0
1726.99,0,6,1,0
135.07,1,6,1,0
327.35,0,17,1,0
2022.84,0,17,1,0
569.55,0,1,1,1
3353.07,1,14,1,0
4677.83,0,13,1,0
6449.5,1,17,1,0
893.33,1,8,1,0
733.2,0,13,1,0
441.8,0,4,1,1
4047.14,1,10,1,0
4903.18,0,7,1,0
128.38,1,4,1,0
10000.0,0,10,1,1
213.48,0,4,1,1
3117.4,1,16,1,0
4938.56,0,21,1,0
8190.81,0,3,1,1
5008.27,0,14,1,1
6472.46,0,18,1,1
1658.73,0,21,1,0
6745.82,1,1,1,0
334.03,0,23,1,1
9008.2,0,16,1,1
3172.69,1,11,1,0
6799.59,0,23,1,1
2408.24,0,16,1,0
4126.56,1,9,1,0
2989.59,1,17,1,0
5260.95,0,18,1,1
340.62,1,17,1,0
249.0,0,12,1,0
1135.31,1,13,1,0
695.25,0,23,1,0
8216.14,0,15,1,1
989.82,0,17,1,0
10000.0,0,17,1,1
1643.29,0,15,1,0
804.15,1,16,1,0
6236.85,0,6,1,1
4300.06,0,11,1,0
2758.18,0,1,1,1
3241.99,0,9,1,0
5080.48,1,4,1,0
1037.44,0,20,1,0
10000.0,0,2,1,1
10000.0,0,18,1,1
4203.01,1,12,1,0
890.29,0,11,1,0
4560.59,0,2,1,1
299.75,0,5,1,1
124.53,0,13,1,0
1191.92,0,3,1,1
2484.22,1,12,1,0
8108.08,1,18,1,0
5195.61,1,17,1,0
5430.15,0,2,1,1
2216.97,0,19,1,0
1698.19,0,5,1,1
1854.74,1,15,1,0
10000.0,0,19,1,1
163.74,1,23,1,0
8070.57,0,2,1,1
3457.41,0,11,1,0
2309.4,0,18,1,0
5167.69,0,18,1,1
2667.34,1,23,1,0
8267.63,1,3,1,0
9238.51,0,0,1,1
2190.79,0,1,1,1
1296.43,1,12,1,0
3589.39,1,12,1,0
9738.22,0,1,1,1
946.24,0,18,1,0
3901.69,0,21,1,0
3993.91,0,23,1,0
5283.72,0,15,1,1
564.26,0,11,1,0
5032.66,0,0,1,1
9589.01,0,8,1,1
792.26,0,16,1,0
1084.84,1,9,1,0
10000.0,1,17,1,0
798.57,0,18,1,0
7707.16,1,6,1,0
2711.28,1,18,1,0
1135.99,0,23,1,0
8184.02,0,14,1,1
2357.35,1,8,1,0
2892.92,1,9,1,0
1780.36,1,22,1,0
3595.29,1,19,1,0
714.23,1,19,1,0
1984.28,0,3,1,1
10000.0,0,5,1,1
1194.34,0,3,1,1
4277.03,0,4,1,1
1573.3,1,8,1,0
5939.57,0,11,1,1
561.07,1,22,1,0
10000.0,0,7,1,1
2419.0,0,20,1,0
1077.01,0,4,1,1
305.35,0,10,1,0
744.15,1,22,1,0
2933.99,1,10,1,0
1643.94,1,12,1,0
7061.64,0,13,1,1
2254.71,0,7,1,0
1143.88,0,17,1,0
3840.4,0,18,1,0
4907.29,1,11,1,0
731.09,1,11,1,0
733.86,1,17,1,0
149.44,0,9,1,0
5333.32,1,6,1,0
4360.25,0,17,1,0
2574.62,1,11,1,0
7435.97,0,13,1,1
6552.79,0,14,1,1
3521.32,0,15,1,0
8108.04,1,1,1,0
921.89,0,17,1,0
474.77,0,11,1,0
1257.47,1,15,1,0
235.12,0,12,1,0
3030.06,0,19,1,0
10000.0,0,16,1,1
160.55,0,17,1,0
520.94,1,2,1,0
2407.37,1,22,1,0
10000.0,0,9,1,1
1520.1,1,0,1,0
2830.89,0,5,1,1
169.85,0,2,1,1
642.29,0,18,1,0
10000.0,0,3,1,1
10000.0,0,19,1,1
19.81,1,22,1,0
10000.0,1,2,1,1
4076.84,0,7,1,0
8097.34,0,7,1,1
2425.97,1,6,1,0
2899.34,1,1,1,0
2684.34,1,20,1,0
4396.82,0,5,1,1
601.67,1,15,1,0
121.73,0,9,1,0
1472.27,0,3,1,1
4878.79,0,12,1,0
901.85,0,9,1,0
4476.47,0,20,1,0
10000.0,0,13,1,1
394.43,0,8,1,0
4466.32,1,10,1,0
2346.15,0,22,1,0
8104.13,0,17,1,1
779.92,0,10,1,0
4718.76,1,16,1,0
7283.48,0,1,1,1
10000.0,0,2,1,1
4598.54,0,10,1,0
2750.05,1,17,1,0
3847.74,1,2,1,0
8127.33,0,14,1,1
3381.56,0,10,1,0
123.43,1,10,1,0
10000.0,0,19,1,1
4678.63,1,10,1,0
4514.39,0,18,1,0
971.73,0,0,1,1
4302.15,0,4,1,1
2002.61,0,9,1,0
4213.4,1,9,1,0
450.85,1,13,1,0
4289.97,0,1,1,0
10000.0,1,3,1,0
197.65,0,1,1,0
10000.0,0,17,1,1
2089.62,0,12,1,0
8184.13,1,18,1,0
6100.12,1,4,1,0
3348.22,1,19,1,0
5364.51,1,1,1,0
8431.88,1,10,1,0
2071.0,1,17,1,0
1584.24,1,5,1,0
4405.59,1,22,1,0
6597.83,0,9,1,1
5746.73,0,21,1,1
6394.26,0,22,1,1
2287.85,0,16,1,0
6811.35,0,21,1,1
512.28,0,10,1,0
3145.34,1,18,1,0
23.1,0,16,1,0
1569.72,0,23,1,0
1825.74,0,3,1,0
2017.87,1,23,1,0
4755.91,0,13,1,0
1967.74,0,19,1,0
2381.86,1,3,1,0
1084.84,1,13,1,0
1868.84,0,3,1,1
1031.3,0,5,1,1
304.05,0,8,1,0
3699.8,1,20,1,0
4413.05,0,11,1,0
3864.97,0,7,1,0
2490.71,0,23,1,0
1910.76,0,3,1,1
7960.85,1,4,1,0
2928.23,0,5,1,1
2609.42,0,4,1,1
103.91,0,18,1,0
1669.63,0,7,1,0
1913.41,0,8,1,0
2035.46,1,14,1,0
3471.64,1,3,1,0
3050.87,1,8,1,0
3745.01,1,6,1,0
5790.69,1,7,1,0
6706.28,0,14,1,1
5065.14,1,18,1,0
10000.0,1,14,1,0
73.6,1,4,1,0
871.52,0,18,1,0
30.37,0,6,1,0
4170.53,1,5,1,0
9132.33,1,18,1,0
1116.12,1,16,1,0
10000.0,0,9,1,1
248.64,0,18,1,0
10000.0,0,10,1,1
1733.13,1,14,1,0
427.76,0,9,1,0
2661.13,0,10,1,0
1187.03,1,22,1,0
1341.18,0,2,1,1
1468.58,1,2,1,0
6498.73,0,17,1,1
3098.83,1,10,1,0
1491.84,0,19,1,0
3769.86,1,21,1,0
5037.25,1,17,1,0
1273.25,0,14,1,0
2134.67,0,6,1,0
519.92,0,9,1,0
799.41,1,20,1,0
4571.73,1,22,1,0
800.83,0,19,1,0
2979.14,1,9,1,0
4938.36,0,12,1,0
452.12,1,14,1,0
3350.96,1,22,1,0
1185.88,0,17,1,0
10000.0,0,22,1,1
2643.07,0,3,1,1
6559.43,0,19,1,1
3196.04,0,16,1,0
177.53,0,2,1,1
4011.22,0,20,1,0
10000.0,0,20,1,1
3681.31,0,1,1,1
6841.21,0,3,1,1
8623.79,0,0,1,1
1035.5,1,14,1,0
953.26,1,0,1,0
3776.51,0,5,1,1
2117.51,0,6,1,0
7326.86,1,18,1,0
9211.27,1,11,1,0
1744.24,0,0,1,1
1081.31,0,6,1,0
6066.08,0,18,1,1
1285.26,0,12,1,0
6917.72,0,11,1,1
2204.77,0,11,1,0
4405.06,1,21,1,0
401.65,0,12,1,0
3911.17,0,13,1,0
2404.22,0,21,1,0
3533.44,0,11,1,0
735.76,0,19,1,0
5340.49,0,11,1,1
7945.18,1,5,1,0
977.16,0,9,1,0
402.44,1,19,1,0
95.69,1,23,1,0
4108.57,0,8,1,0
3736.74,0,1,1,1
3164.78,0,6,1,0
1055.59,1,8,1,0
1983.13,1,11,1,0
3610.3,1,4,1,0
2746.81,0,0,1,0
10000.0,1,21,1,0
586.77,0,14,1,0
4751.67,0,7,1,0
2072.2,0,0,1,1
2235.86,0,17,1,0
5057.69,1,12,1,0
4716.29,0,0,1,1
10000.0,0,4,1,1
549.67,0,17,1,0
439.75,1,15,1,0
5154.33,1,9,1,0
3454.67,0,3,1,1
1281.71,0,0,1,1
331.0,0,22,1,0
358.2,1,7,1,0
8984.47,0,4,1,1
852.12,0,1,1,1
1562.53,0,23,1,1
1028.13,0,16,1,0
1754.0,1,6,1,0
287.81,0,16,1,0
2928.05,0,5,1,1
280.03,0,21,1,0
6444.89,0,14,1,1
1064.79,1,4,1,0
3106.22,0,14,1,0
8483.69,1,17,1,0
4209.33,1,17,1,0
3045.34,0,20,1,0
1568.22,0,20,1,0
1619.87,0,22,1,0
4428.44,1,5,1,0
10000.0,0,1,1,1
4336.93,0,16,1,0
3263.82,0,20,1,0
5246.98,1,3,1,0
2503.49,0,11,1,0
248.11,0,18,1,0
3304.86,0,1,1,1
10000.0,0,1,1,1
770.96,1,13,1,0
4684.8,0,14,1,0
897.25,1,19,1,0
3070.0,1,1,1,0
406.7,0,3,1,1
2394.05,1,18,1,0
5645.03,0,8,1,1
1708.22,0,6,1,0
4373.45,1,12,1,0
6347.77,0,11,1,1
10000.0,1,2,1,0
1069.65,0,12,1,0
2038.74,1,14,1,0
661.46,0,13,1,0
10000.0,0,23,1,1
10000.0,0,8,1,1
3105.74,1,12,1,0
7381.48,1,22,1,0
2943.87,0,21,1,0
3908.26,1,3,1,0
373.4,0,20,1,0
5630.41,0,7,1,1
546.55,1,2,1,0
6996.35,1,1,1,0
6093.56,1,18,1,0
4934.22,1,22,1,0
147.32,0,7,1,0
1444.62,1,16,1,0
1221.28,0,12,1,0
1786.0,0,6,1,0
366.89,0,8,1,0
10000.0,0,11,1,1
3227.97,0,13,1,0
1458.39,0,13,1,0
2023.23,0,14,1,0
2371.05,0,2,1,1
3671.11,0,14,1,0
2900.03,0,18,1,0
10000.0,0,23,1,1
2748.37,1,19,1,0
10000.0,1,13,1,1
7626.66,1,7,1,0
935.35,0,4,1,0
10000.0,1,18,1,0
494.85,0,3,1,0
6802.92,0,13,1,1
1916.17,0,15,1,0
8414.1,1,19,1,0
8101.53,0,23,1,1
6558.05,0,5,1,1
6243.17,0,22,1,1
1453.53,1,5,1,0
337.53,1,2,1,0
2063.22,0,14,1,0
762.34,0,2,1,1
4749.13,0,10,1,0
1699.2,1,2,1,0
10000.0,0,9,1,1
4097.42,1,17,1,0
6914.7,0,0,1,1
568.67,1,15,1,0
7922.43,0,15,1,1
10000.0,0,9,1,1
2670.4,0,0,1,1
3728.19,0,3,1,1
5789.44,0,2,1,1
768.71,1,4,1,0
2793.17,0,11,1,0
2034.4,1,11,1,0
633.05,1,12,1,0
1832.52,0,23,1,0
282.43,1,11,1,0
104.6,1,15,1,0
580.87,0,12,1,0
10000.0,1,4,1,1
3189.85,0,23,1,0
10000.0,0,3,1,1
2266.04,1,20,1,0
1494.8,0,14,1,0
2822.03,0,11,1,0
2315.79,0,18,1,0
446.7,1,20,1,0
4095.8,1,18,1,0
973.58,0,20,1,0
3866.0,1,10,1,0
4201.59,1,20,1,0
659.62,0,5,1,1
253.25,0,8,1,0
6070.38,1,0,1,0
2463.27,1,11,1,0
239.7,1,13,1,0
10000.0,0,5,1,1
238.07,0,0,1,1
4750.24,0,21,1,0
10000.0,0,1,1,1
1093.43,0,23,1,1
613.77,1,10,1,0
517.63,0,2,1,1
1445.46,1,9,1,0
426.09,0,5,1,1
4712.72,0,5,1,1
257.27,0,19,1,0
2848.69,0,20,1,0
10000.0,0,1,1,1
6727.4,1,23,1,0
3820.33,1,9,1,0
1462.6,0,22,1,0
3911.56,0,5,1,1
2994.99,1,22,1,0
2221.08,0,16,1,0
560.32,0,13,1,0
8707.48,0,4,1,1
2389.78,1,22,1,0
865.78,0,16,1,0
1833.94,0,1,1,1
2138.63,1,8,1,0
7030.31,0,11,1,1
5291.24,0,18,1,1
5866.63,0,21,1,1
44.37,1,6,1,0
2152.47,0,8,1,0
2626.06,1,20,1,0
77.52,1,15,1,0
1203.41,0,19,1,0
5713.3,1,10,1,0
589.87,0,11,1,0
3065.54,0,14,1,0
969.32,0,17,1,0
48.78,0,18,1,0
1104.08,0,15,1,0
10000.0,0,14,1,1
6468.61,0,4,1,1
10000.0,1,10,1,0
2676.58,0,14,1,0
464.95,1,17,1,0
3175.93,0,12,1,0
2423.31,0,3,1,1
7440.76,0,16,1,1
412.93,0,3,1,1
2679.61,0,15,1,0
650.3,1,22,1,0
1570.25,1,14,1,0
5347.84,1,13,1,0
2585.19,0,11,1,0
1885.7,1,2,1,0
2006.65,0,9,1,0
2460.65,0,7,1,0
6148.78,1,5,1,0
8905.63,1,21,1,0
10000.0,0,13,1,1
6184.04,0,16,1,1
1515.72,0,20,1,0
4660.74,1,18,1,0
2302.19,0,15,1,0
1175.72,1,14,1,0
7352.17,0,14,1,1
156.74,0,0,1,1
9281.45,0,23,1,1
2475.7,0,22,1,0
4055.63,0,22,1,0
4307.64,1,11,1,0
9019.67,1,9,1,0
4049.77,1,13,1,0
3806.98,1,9,1,0
275.91,1,9,1,0
2922.63,0,19,1,0
650.87,1,10,1,0
5349.01,0,21,1,1
2871.58,0,15,1,0
4560.59,0,8,1,0
170.26,0,14,1,0
354.42,0,13,1,0
5039.68,1,18,1,0
299.26,0,8,1,0
295.69,0,3,1,1
48.73,0,20,1,0
10000.0,0,6,1,1
5350.14,0,21,1,1
1743.19,0,7,1,0
1406.95,0,23,1,1
1721.31,0,7,1,0
5960.46,1,18,1,0
4331.4,1,14,1,0
819.23,0,15,1,0
765.17,0,21,1,0
414.32,0,22,1,0
4318.8,1,8,1,0
5782.02,0,11,1,1
1231.79,0,15,1,0
84.67,1,3,1,0
342.98,0,4,1,1
10000.0,0,7,1,1
1400.75,0,0,1,0
5865.22,1,5,1,0
3919.73,1,14,1,0
1924.68,1,3,1,0
921.11,0,20,1,0
517.64,0,10,1,0
3818.18,1,4,1,0
5960.11,1,17,1,0
4130.22,0,23,1,0
3022.66,1,14,1,0
171.43,0,17,1,0
10000.0,0,19,1,1
6412.12,1,12,1,0
1385.89,0,4,1,0
10000.0,1,0,1,0
3684.02,0,21,1,0
3493.14,0,17,1,0
5514.47,1,13,1,0
6680.36,1,4,1,0
4274.02,0,5,1,1
548.3,0,23,1,0
1651.58,1,15,1,0
10000.0,0,21,1,1
1017.59,1,20,1,0
1861.92,1,11,1,0
2263.08,0,19,1,0
2315.03,0,17,1,0
3796.7,0,1,1,0
10000.0,1,22,1,0
1101.39,0,20,1,0
518.16,0,22,1,0
879.95,0,12,1,0
8718.81,0,16,1,1
4151.7,0,16,1,0
1346.97,0,15,1,0
6770.12,1,20,1,0
7903.79,1,17,1,0
7496.59,1,7,1,0
10000.0,0,2,1,1
1162.7,0,16,1,0
5626.67,1,17,1,0
2468.74,0,22,1,0
7380.6,1,5,1,0
5215.04,1,7,1,0
5992.44,0,22,1,1
4270.34,1,12,1,0
781.28,1,7,1,0
3150.07,0,18,1,0
10000.0,0,5,1,1
10000.0,0,22,1,1
176.53,0,14,1,0
720.41,0,9,1,0
565.0,0,16,1,0
5178.22,1,0,1,0
6810.28,0,6,1,1
960.71,0,12,1,0
2819.69,1,2,1,0
7347.94,0,18,1,1
5279.05,1,14,1,0
3125.62,0,4,1,1
3569.79,0,10,1,0
2840.04,0,21,1,0
1412.72,1,17,1,0
3329.84,0,2,1,1
4670.37,1,5,1,0
8264.46,0,2,1,1
4045.61,0,4,1,1
5727.2,0,8,1,1
697.75,1,18,1,0
2476.3,1,12,1,0
37.5,0,5,1,1
1133.05,0,10,1,0
5185.25,0,20,1,1
10000.0,0,20,1,1
417.79,0,13,1,0
2053.28,1,5,1,0
6439.17,1,5,1,0
912.8,0,16,1,0
3239.49,0,10,1,0
5283.09,1,14,1,0
3828.3,1,8,1,0
833.14,0,20,1,0
1756.41,0,16,1,0
6126.05,0,23,1,1
3231.78,0,6,1,0
20.97,0,6,1,0
5725.01,0,20,1,1
143.8,1,0,1,0
5477.49,0,7,1,1
905.0,0,4,1,1
10000.0,0,18,1,1
1835.09,1,7,1,0
1583.63,1,16,1,0
644.85,0,18,1,0
1458.85,0,11,1,0
8370.94,1,22,1,0
10000.0,0,14,1,1
1837.42,0,3,1,1
2381.26,0,22,1,0
5121.56,0,11,1,1
8693.1,0,12,1,1
3596.2,1,13,1,0
1987.2,1,4,1,0
2128.35,0,21,1,0
4757.89,1,15,1,0
12.89,0,6,1,0
3866.02,0,14,1,0
1757.08,0,12,1,0
6323.35,1,15,1,0
390.41,0,11,1,0
3548.89,0,6,1,0
2623.2,1,15,1,0
4112.53,1,22,1,0
268.21,1,22,1,0
3469.85,0,12,1,0
3297.44,0,22,1,0
3289.93,0,2,1,1
3700.19,0,14,1,0
4513.83,1,2,1,0
6538.8,0,6,1,1
1257.86,0,17,1,0
6973.01,1,13,1,0
2758.66,0,17,1,0
320.76,0,18,1,0
241.34,1,13,1,0
1627.29,1,19,1,0
6146.55,1,5,1,0
4919.64,0,7,1,0
6216.3,0,6,1,1
2913.18,1,19,1,0
2320.7,0,17,1,0
638.11,0,17,1,0
1591.14,1,14,1,0
2276.78,0,19,1,0
371.1,1,21,1,0
996.98,0,18,1,0
3647.46,0,21,1,0
5322.12,0,20,1,1
10000.0,1,20,1,0
10000.0,0,1,1,1
4115.21,0,7,1,0
2187.53,1,20,1,0
4044.36,1,10,1,0
6160.61,1,17,1,0
503.78,0,22,1,0
2109.89,0,12,1,0
7325.39,1,8,1,0
1936.95,1,8,1,0
3393.33,0,16,1,0
3544.69,0,6,1,0
815.7,1,8,1,0
1799.14,0,21,1,0
1628.93,1,0,1,0
106.18,0,1,1,1
97.96,0,3,1,1
7127.96,1,13,1,0
1275.7,0,3,1,1
2919.9,0,1,1,0
1419.42,0,7,1,0
10000.0,0,17,1,1
1200.62,1,18,1,0
2246.07,1,13,1,0
8245.79,1,19,1,0
7378.96,0,9,1,1
823.68,0,16,1,0
6490.97,0,7,1,1
2451.34,1,13,1,0
2638.61,1,20,1,0
573.08,1,22,1,0
336.14,0,7,1,0
5206.92,0,4,1,1
2744.38,0,15,1,0
2296.84,0,7,1,0
5230.05,0,9,1,1
5801.42,1,7,1,0
692.22,0,8,1,0
3768.74,0,17,1,0
581.74,0,2,1,1
5567.24,1,16,1,0
4279.58,0,19,1,0
10000.0,1,14,1,0
285.8,1,20,1,0
234.99,0,16,1,0
1326.19,1,7,1,0
1213.65,0,1,1,1
1134.65,0,16,1,0
9468.69,1,17,1,0
1148.31,1,4,1,0
1269.54,0,8,1,0
5698.45,0,8,1,1
2389.46,0,1,1,1
5997.15,0,1,1,1
270.4,0,18,1,0
2674.37,0,22,1,0
136.77,0,2,1,1
258.81,1,16,1,0
9476.5,0,13,1,1
599.78,0,13,1,0
3040.75,0,13,1,0
2117.97,1,5,1,0
1706.82,0,2,1,1
9203.68,0,0,1,1
88.26,0,15,1,0
4360.07,1,3,1,0
10000.0,0,0,1,1
3285.45,1,16,1,0
10000.0,1,17,1,0
214.69,1,7,1,0
2170.6,1,1,1,0
1205.27,0,17,1,0
5249.51,0,15,1,1
10000.0,1,9,1,0
1185.71,0,7,1,0
4247.29,0,11,1,0
883.07,1,21,1,0
3332.67,0,15,1,0
2493.98,0,11,1,0
10000.0,0,10,1,1
3751.36,0,19,1,0
1720.1,1,18,1,0
484.59,0,0,1,1
655.95,0,2,1,1
1021.21,0,11,1,0
1155.89,1,8,1,0
7604.94,1,20,1,0
3295.05,0,21,1,0
2964.23,1,4,1,0
487.63,0,0,1,1
7868.44,1,9,1,0
5132.27,0,16,1,1
280.27,1,3,1,0
4921.75,0,14,1,0
3137.0,0,18,1,0
341.03,0,7,1,0
2452.18,1,22,1,0
2652.0,0,14,1,0
725.01,1,6,1,0
10000.0,0,14,1,1
7587.82,0,7,1,1
4422.82,0,22,1,0
2481.78,1,9,1,0
2122.52,0,17,1,0
4210.43,1,3,1,0
3153.63,1,14,1,0
257.19,1,10,1,0
2873.88,0,21,1,0
6567.92,1,2,1,0
2459.12,1,14,1,0
213.42,0,2,1,1
6172.32,1,14,1,0
899.4,0,5,1,1
1196.97,0,0,1,0
719.89,0,13,1,0
1603.19,0,15,1,0
5654.69,0,0,1,1
2930.76,0,20,1,0
917.06,1,16,1,0
8409.37,0,7,1,1
8467.14,0,17,1,1
8178.72,0,15,1,1
1091.42,0,5,1,1
2400.37,1,9,1,0
10000.0,0,9,1,1
5913.86,1,4,1,0
110.17,0,11,1,0
269.71,1,19,1,0
2493.97,0,16,1,0
9597.27,0,13,1,1
3094.84,1,13,1,0
2755.13,0,2,1,1
445.84,1,11,1,0
4277.54,1,19,1,0
6906.21,0,17,1,1
1914.85,0,11,1,0
5977.51,0,1,1,1
10000.0,1,1,1,0
911.45,1,16,1,0
2963.72,0,9,1,0
1353.87,0,17,1,0
6297.33,0,21,1,1
3447.15,1,18,1,0
4026.86,0,20,1,0
6396.25,0,0,1,1
2016.53,1,23,1,0
9864.66,0,3,1,1
3045.95,0,3,1,1
687.69,1,1,1,0
4761.58,1,18,1,0
6305.2,0,20,1,1
1523.65,0,11,1,0
7784.66,0,9,1,1
9463.94,0,12,1,1
1296.86,1,21,1,0
10000.0,0,22,1,1
606.6,1,19,1,0
902.67,1,22,1,0
814.47,0,14,1,0
8976.88,0,2,1,1
4248.65,0,22,1,0
659.99,1,19,1,0
2321.58,1,12,1,0
3821.15,0,7,1,0
348.62,1,6,1,0
8562.42,0,23,1,1
6510.48,1,7,1,0
2814.46,0,17,1,0
10000.0,0,8,1,1
2163.5,1,5,1,0
10000.0,0,3,1,1
4409.52,0,14,1,0
4027.83,0,4,1,1
725.87,0,4,1,1
8545.83,0,6,1,1
2230.9,1,8,1,0
708.06,0,6,1,0
50.75,0,8,1,0
3281.7,1,19,1,0
2998.02,0,9,1,0
5082.64,0,3,1,1
8838.49,1,5,1,0
330.95,1,23,1,0
5259.57,1,13,1,0
830.12,1,8,1,0
7812.7,0,0,1,1
6838.44,1,16,1,0
3113.02,0,12,1,0
4954.85,1,23,1,0
1509.55,0,6,1,0
2548.34,1,8,1,0
6895.74,1,10,1,0
2459.31,1,2,1,0
1771.41,0,11,1,0
2726.55,0,20,1,0
7046.84,1,2,1,1
1633.12,1,14,1,0
763.49,0,20,1,0
4979.37,1,9,1,0
6994.3,1,0,1,0
424.28,0,13,1,0
1097.08,1,19,1,0
612.47,0,5,1,1
1710.48,0,1,1,1
2393.9,0,22,1,0
5526.44,0,7,1,1
4212.43,1,0,1,0
3880.12,0,3,1,1
1737.77,1,3,1,0
7366.68,1,4,1,0
2549.24,1,19,1,0
10000.0,0,8,1,1
4022.04,1,22,1,0
539.91,0,12,1,0
4510.24,0,17,1,0
1572.79,0,16,1,0
4637.62,0,0,1,1
288.74,1,21,1,0
768.91,0,14,1,0
7744.48,1,1,1,0
1030.83,0,15,1,0
7257.03,0,19,1,1
1310.0,1,21,1,0
4118.76,1,4,1,0
4738.65,0,21,1,0
2875.13,0,18,1,0
1457.16,0,4,1,0
956.3,0,1,1,1
135.01,1,6,1,0
1449.31,1,2,1,0
4235.6,0,16,1,0
10000.0,1,23,1,0
8198.12,0,23,1,1
5810.84,0,2,1,1
6213.13,0,12,1,1
4374.32,1,6,1,0
1205.97,0,23,1,1
9509.02,0,2,1,1
4443.54,0,14,1,0
3287.93,0,17,1,0
470.58,1,9,1,0
2369.99,0,22,1,0
2467.4,0,6,1,0
7997.01,1,8,1,0
3164.35,1,4,1,0
1914.73,1,19,1,0
10000.0,0,7,1,1
469.38,0,13,1,0
2196.52,0,3,1,1
171.73,0,19,1,0
5386.82,1,13,1,0
10000.0,0,11,1,1
1314.22,0,1,1,1
7817.35,0,12,1,1
1382.48,0,0,1,1
9666.16,1,19,1,0
5609.08,0,6,1,1
6537.11,0,8,1,1
72.68,0,16,1,0
10000.0,0,20,1,1
5188.32,0,22,1,1
1453.94,1,12,1,0
7073.61,0,22,1,1
1322.48,1,9,1,0
8246.53,1,15,1,0
477.75,1,5,1,0
4865.34,1,15,1,0
3112.19,0,10,1,0
406.07,0,19,1,0
1107.73,0,2,1,1
49.93,1,8,1,0
2530.23,1,14,1,0
1433.94,1,12,1,0
3648.77,0,9,1,0
1410.95,1,19,1,0
1426.24,0,23,1,0
5437.72,0,12,1,1
197.36,0,16,1,0
9327.85,0,6,1,1
7649.31,0,5,1,1
4408.13,0,12,1,0
3597.95,0,16,1,0
8913.72,1,14,1,0
819.89,1,3,1,0
329.05,1,14,1,0
1095.17,0,13,1,0
6330.76,1,20,1,0
141.14,1,10,1,0
3496.82,0,23,1,0
10000.0,0,3,1,1
7743.33,0,2,1,1
2947.94,0,1,1,1
263.02,1,19,1,0
7120.28,1,9,1,0
3654.96,0,12,1,0
488.37,1,19,1,0
394.23,1,20,1,0
9615.23,1,22,1,0
4424.97,0,17,1,0
7071.08,1,20,1,0
8447.16,0,15,1,1
3392.4,0,10,1,0
2914.65,0,9,1,0
2251.48,0,8,1,0
1524.73,1,11,1,0
2280.86,0,18,1,0
5946.75,0,0,1,1
3684.44,0,17,1,0
8921.92,1,13,1,0
2343.49,0,21,1,0
3736.69,1,20,1,0
3991.17,0,0,1,1
3582.98,0,16,1,0
4851.16,0,10,1,0
1084.26,0,19,1,0
2872.74,0,14,1,0
440.26,0,3,1,1
1941.35,1,14,1,0
2675.12,1,21,1,0
4224.79,0,21,1,0
10000.0,0,13,1,1
3671.68,1,21,1,0
5443.97,0,0,1,1
2823.03,0,8,1,0
4021.62,1,6,1,0
294.29,1,22,1,0
1174.22,0,10,1,0
1796.75,0,22,1,0
2558.38,0,1,1,1
186.89,1,1,1,0
603.4,0,5,1,1
1296.36,0,22,1,0
10000.0,0,18,1,1
1609.96,0,19,1,0
2631.44,1,13,1,0
873.11,1,2,1,0
3774.44,1,6,1,0
1317.81,0,6,1,0
927.69,0,3,1,0
2907.42,0,22,1,0
22.08,0,4,1,1
30.77,1,16,1,0
989.07,0,3,1,1
149.65,0,22,1,0
457.27,0,12,1,0
1655.16,1,15,1,0
6489.8,0,15,1,1
3394.98,0,1,1,1
2875.24,0,17,1,0
1389.67,1,0,1,0
10000.0,0,17,1,1
2023.45,1,7,1,0
364.48,1,10,1,0
3839.58,0,23,1,0
483.42,1,23,1,0
1693.84,0,14,1,0
2832.33,1,15,1,0
8292.96,0,16,1,1
2721.29,0,16,1,0
4846.12,0,11,1,0
10000.0,0,9,1,1
563.9,1,19,1,0
1284.85,0,5,1,1
2007.31,1,7,1,0
2191.54,0,12,1,0
2117.46,1,1,1,0
9526.99,0,18,1,1
5007.51,0,21,1,1
3745.01,0,9,1,0
1480.62,1,3,1,0
6944.32,0,11,1,1
10000.0,0,17,1,1
6885.91,0,6,1,1
10.0,1,19,1,0
4046.82,0,23,1,0
209.96,0,23,1,0
1191.51,0,22,1,0
245.48,1,3,1,0
3703.3,1,6,1,0
4640.97,0,9,1,0
486.36,0,14,1,0
1936.99,0,11,1,0
2436.96,0,0,1,1
1842.13,0,19,1,0
516.0,1,17,1,0
2171.66,0,15,1,0
5564.07,1,4,1,1
294.62,0,18,1,0
334.31,1,3,1,0
1752.6,0,5,1,1
10000.0,0,16,1,1
4417.39,0,6,1,0
4541.15,0,23,1,0
1797.17,0,22,1,0
3602.27,1,6,1,0
40.73,1,8,1,0
4043.46,0,12,1,0
9780.6,0,19,1,1
3792.92,0,13,1,0
8276.34,0,15,1,1
5149.03,0,22,1,1
513.87,1,8,1,0
9309.7,1,14,1,0
275.02,1,4,1,0
3054.0,0,17,1,0
613.24,1,20,1,0
47.1,1,19,1,0
2192.96,0,7,1,0
1398.46,0,14,1,0
2662.13,1,20,1,0
3443.42,0,8,1,0
178.9,0,18,1,0
525.01,0,21,1,0
3271.6,0,5,1,1
1681.3,0,3,1,0
5225.11,1,10,1,0
4225.56,1,9,1,0
7472.95,1,2,1,1
4717.03,0,0,1,1
2247.99,1,11,1,0
4470.77,0,22,1,0
1288.44,0,14,1,0
1462.94,0,14,1,0
6223.31,0,20,1,1
2365.39,0,13,1,0
6405.49,0,6,1,1
6913.39,0,16,1,1
7795.4,0,23,1,1
9938.12,1,18,1,0
2255.4,0,6,1,0
1535.99,1,2,1,0
3491.0,0,2,1,1
1855.59,0,17,1,0
3675.92,1,19,1,0
4891.07,0,21,1,0
4664.2,0,13,1,0
1877.15,1,2,1,0
730.22,0,6,1,0
2252.19,1,6,1,0
615.38,0,4,1,1
8832.63,0,2,1,1
1697.84,0,17,1,0
671.12,0,14,1,0
103.11,1,19,1,0
4151.83,1,13,1,0
4052.33,0,3,1,0
1665.73,0,23,1,0
297.65,1,7,1,0
2108.02,0,20,1,0
1491.32,0,12,1,0
4521.91,0,21,1,0
3723.38,0,7,1,0
1813.96,1,14,1,0
983.05,1,16,1,0
10000.0,0,4,1,1
2420.56,0,19,1,0
4662.53,0,3,1,1
605.86,0,10,1,0
2658.94,0,17,1,0
111.69,1,9,1,0
2816.47,0,16,1,0
10000.0,0,14,1,1
1939.38,0,5,1,1
159.11,0,22,1,0
125.78,0,20,1,0
1964.01,1,15,1,0
697.53,0,14,1,0
94.52,1,7,1,0
5645.85,0,8,1,1
2453.82,0,10,1,0
1365.71,0,1,1,1
9213.67,0,12,1,1
493.82,0,3,1,1
10000.0,0,8,1,1
1507.32,1,4,1,0
8771.47,1,18,1,0
3694.7,0,21,1,0
7011.09,0,2,1,1
10000.0,0,20,1,1
1360.99,0,2,1,1
10000.0,0,5,1,1
1973.79,1,9,1,0
1947.86,0,4,1,1
1664.41,0,2,1,1
3118.37,0,21,1,0
669.63,0,23,1,1
3227.16,1,6,1,0
3120.97,0,21,1,0
5740.29,0,17,1,1
7174.64,1,22,1,0
2322.43,0,7,1,0
1440.05,1,0,1,0
1200.83,0,3,1,1
865.78,0,23,1,0
237.5,1,6,1,0
1676.93,0,13,1,0
1260.2,0,12,1,0
10000.0,0,9,1,1
3263.15,0,22,1,0
1706.41,1,17,1,0
3474.46,1,0,1,0
599.56,1,3,1,0
2348.26,1,15,1,0
3936.5,0,15,1,0
2684.74,0,17,1,0
2055.18,0,7,1,0
10000.0,0,9,1,1
8491.56,0,15,1,1
3906.35,1,22,1,0
3370.09,0,23,1,0
3877.29,0,10,1,0
899.14,0,5,1,1
2011.02,1,0,1,0
161.04,1,11,1,0
2581.59,1,5,1,0
3132.5,0,12,1,0
1033.79,1,16,1,0
10000.0,0,0,1,1
9607.62,1,7,1,0
5122.6,0,21,1,1
3049.02,0,7,1,0
8159.93,0,23,1,1
560.05,1,10,1,0
6252.31,0,13,1,1
533.31,1,23,1,0
6323.61,0,9,1,1
1290.57,0,14,1,0
8385.23,0,6,1,1
10000.0,0,6,1,1
644.41,0,9,1,0
2484.61,0,3,1,1
10000.0,1,17,1,0
2642.0,0,9,1,0
7967.12,1,18,1,0
3554.04,0,13,1,0
1882.13,1,12,1,0
1346.28,0,14,1,0
908.72,0,15,1,0
5738.55,0,1,1,1
1954.56,0,3,1,0
2863.83,1,20,1,0
2711.66,0,17,1,0
3444.17,0,16,1,0
8027.06,1,9,1,0
10000.0,0,20,1,1
2094.19,1,8,1,0
7029.87,0,14,1,1
5784.65,1,11,1,0
3408.84,0,20,1,0
10000.0,0,8,1,1
894.95,0,13,1,0
462.83,1,12,1,0
7695.55,0,5,1,1
2313.21,0,18,1,0
7508.46,1,3,1,0
8943.08,1,19,1,0
257.97,1,16,1,0
8598.25,1,18,1,0
2379.14,0,2,1,1
2856.93,0,13,1,0
3940.34,1,16,1,0
10000.0,1,12,1,0
77.2,0,8,1,0
2591.5,0,0,1,1
4655.45,1,16,1,0
5130.72,0,15,1,1
4717.54,0,17,1,0
577.49,0,1,1,1
1423.25,0,13,1,0
1777.13,1,21,1,0
6527.5,0,22,1,1
1307.13,1,16,1,0
946.46,0,2,1,1
10000.0,0,1,1,1
35.61,1,7,1,0
10000.0,0,1,1,1
4518.2,0,1,1,1
7051.97,0,8,1,1
1396.07,0,19,1,0
57.67,0,20,1,0
5355.65,1,5,1,0
7186.56,1,11,1,0
5395.63,1,8,1,0
616.57,0,6,1,0
5600.4,0,11,1,1
5860.01,0,4,1,1
4298.1,0,15,1,0
5811.72,0,4,1,1
7481.17,0,11,1,1
3803.57,1,23,1,0
371.11,0,19,1,0
2674.82,0,8,1,0
323.32,1,22,1,0
2093.91,0,6,1,0
2090.96,1,18,1,0
273.16,1,19,1,0
1715.88,1,22,1,0
470.62,0,10,1,0
6605.94,1,20,1,0
10000.0,0,11,1,1
300.26,1,2,1,0
10000.0,0,16,1,1
2957.41,0,6,1,0
1424.22,0,21,1,0
319.91,0,9,1,0
2777.59,1,22,1,0
6329.54,1,14,1,0
4911.51,1,1,1,0
206.12,0,12,1,0
302.78,1,3,1,0
2062.5,0,17,1,0
1399.88,1,23,1,0
1057.86,1,22,1,0
1319.6,0,0,1,1
6508.02,1,1,1,0
10000.0,0,1,1,1
2077.47,0,3,1,1
9462.57,0,2,1,1
1551.46,0,16,1,0
2588.39,1,13,1,0
1024.88,0,1,1,1
4091.9,0,15,1,0
10000.0,0,10,1,1
3700.25,1,12,1,0
1771.51,1,0,1,0
4174.42,1,22,1,0
524.63,1,1,1,0
8780.63,0,1,1,1
2797.34,0,20,1,0
2386.62,0,4,1,1
3526.25,0,3,1,1
3921.01,1,11,1,0
297.93,0,2,1,1
4590.59,1,19,1,0
1107.93,0,9,1,0
5006.39,0,19,1,1
6915.92,0,17,1,1
6517.72,1,20,1,0
3216.32,1,20,1,0
2937.29,1,20,1,0
616.69,0,9,1,0
5972.78,1,0,1,0
1266.57,0,5,1,1
2746.24,0,10,1,0
1337.83,1,1,1,0
574.69,0,6,1,0
3972.23,1,19,1,0
223.46,0,20,1,0
5523.56,0,20,1,1
1528.48,1,20,1,0
10.0,0,17,1,0
2862.63,1,20,1,0
191.94,0,18,1,0
1292.79,1,3,1,0
4910.01,0,12,1,1
258.96,0,17,1,0
7313.82,0,19,1,1
15.31,0,23,1,0
1133.82,1,12,1,0
5402.23,0,18,1,1
1520.77,0,16,1,0
429.86,0,0,1,1
1786.61,0,5,1,1
1261.0,1,18,1,0
7398.7,1,19,1,0
1503.71,0,0,1,0
6222.31,1,7,1,0
8897.76,0,16,1,1
2275.35,0,20,1,0
9629.26,1,21,1,0
1894.88,0,14,1,0
10000.0,1,17,1,0
374.12,1,6,1,0
4646.45,0,15,1,0
2723.4,1,6,1,0
1961.8,1,16,1,0
4006.43,0,3,1,1
4867.65,1,11,1,0
17.49,0,12,1,0
730.66,1,3,1,0
4993.73,1,20,1,0
4391.08,0,0,1,1
10000.0,0,0,1,1
5725.8,1,6,1,0
10000.0,0,8,1,1
4849.91,0,0,1,1
1415.58,0,15,1,0
445.36,0,17,1,0
6089.81,0,21,1,1
4132.98,0,14,1,0
197.54,0,5,1,1
1785.46,1,1,1,0
10000.0,0,8,1,1
2775.8,0,3,1,1
2267.67,0,12,1,0
2447.74,0,22,1,0
937.24,0,21,1,0
1839.94,0,10,1,0
1846.96,0,12,1,0
215.1,1,10,1,0
5836.62,1,18,1,0
2154.87,1,7,1,0
6907.93,1,6,1,0
7597.77,1,15,1,0
953.0,0,2,1,1
4284.22,1,16,1,0
2556.77,0,17,1,0
8486.28,1,14,1,0
972.06,1,16,1,0
4530.5,0,10,1,1
3743.45,0,4,1,1
1399.94,0,15,1,0
587.51,1,14,1,0
4218.07,1,9,1,0
5366.78,1,13,1,0
1517.01,0,1,1,1
4140.66,1,15,1,0
2010.97,0,18,1,0
4995.98,1,7,1,0
888.65,0,14,1,0
8836.93,0,9,1,1
1355.39,0,4,1,1
1834.11,1,19,1,0
239.39,1,15,1,0
472.94,0,20,1,0
2901.54,0,21,1,1
1245.67,1,11,1,0
7218.9,0,22,1,1
59.21,1,12,1,0
1906.3,0,8,1,0
1646.01,0,16,1,0
78.07,1,19,1,0
531.24,1,11,1,0
2135.3,0,4,1,0
2715.91,0,23,1,0
2072.0,1,11,1,0
3028.08,0,0,1,1
3616.77,1,19,1,0
39.89,0,15,1,0
2495.19,0,11,1,0
10000.0,1,8,1,0
2927.82,1,12,1,0
4527.13,0,16,1,0
1495.07,1,16,1,0
5948.73,0,3,1,1
5929.84,0,13,1,1
2946.69,1,18,1,0
10000.0,1,6,1,0
536.64,1,2,1,0
68.37,0,0,1,1
5881.46,0,11,1,1
6583.49,0,14,1,1
512.28,0,10,1,0
1234.71,1,9,1,0
70.83,0,1,1,1
1388.64,1,3,1,0
5933.72,0,16,1,1
2918.92,0,16,1,0
1711.43,0,7,1,0
1859.2,0,22,1,0
10.0,0,13,1,0
1425.56,1,23,1,0
4159.02,0,3,1,1
10000.0,1,5,1,0
7510.86,0,18,1,1
95.51,1,23,1,1
9153.17,0,3,1,1
6115.09,1,2,1,0
6063.36,0,19,1,1
2449.93,1,5,1,0
2030.03,1,22,1,0
1443.4,0,6,1,0
271.81,0,13,1,0
1036.3,0,11,1,0
1132.66,1,15,1,0
2647.19,0,19,1,0
5504.5,0,7,1,1
2568.37,0,22,1,0
238.34,0,1,1,1
10000.0,1,12,1,0
10000.0,0,7,1,1
6152.0,1,20,1,0
10000.0,1,19,1,0
3145.28,0,15,1,0
10000.0,1,3,1,0
314.46,0,15,1,0
1820.81,1,19,1,0
1021.54,0,5,1,1
871.79,1,3,1,0
607.03,0,15,1,0
3895.82,0,22,1,0
6080.62,0,22,1,1
3453.83,0,20,1,0
635.81,1,12,1,0
6666.65,0,4,1,1
4041.91,1,14,1,0
1965.18,0,7,1,0
4485.03,1,6,1,0
1203.91,0,13,1,0
1693.65,0,6,1,0
9979.14,0,21,1,1
1372.8,1,6,1,0
2539.42,0,22,1,0
8834.24,1,17,1,0
4920.19,1,9,1,0
256.89,0,17,1,0
637.4,1,13,1,0
31.49,0,9,1,0
3986.99,0,6,1,0
2374.46,1,6,1,0
576.75,1,6,1,0
10000.0,1,4,1,0
3017.2,0,0,1,1
1107.72,0,13,1,0
2777.42,0,17,1,0
4552.99,1,12,1,0
317.21,0,7,1,0
1284.7,1,7,1,0
6579.55,0,9,1,1
2462.26,0,16,1,0
3163.72,0,5,1,1
2268.29,0,14,1,0
179.57,0,14,1,0
724.89,1,15,1,0
2359.05,1,7,1,0
938.77,0,18,1,0
205.08,0,19,1,0
7422.62,0,14,1,1
10000.0,1,2,1,0
6302.91,0,5,1,1
7690.71,1,7,1,0
1108.17,0,15,1,0
10000.0,0,14,1,1
877.23,1,12,1,0
10000.0,0,19,1,1
10000.0,0,14,1,1
4975.33,0,17,1,0
10000.0,0,12,1,1
3371.6,0,23,1,0
1201.94,1,7,1,0
2297.87,1,13,1,0
3601.29,0,10,1,0
303.56,1,5,1,0
3895.08,0,23,1,1
10000.0,0,0,1,1
843.42,0,1,1,1
6292.33,0,12,1,1
9539.47,0,0,1,1
10000.0,1,23,1,1
10000.0,0,23,1,1
2948.06,0,3,1,1
10000.0,0,23,1,1
5663.88,1,22,1,0
705.38,1,1,1,0
2591.93,0,20,1,0
5068.09,0,19,1,1
1136.57,0,15,1,0
4093.45,0,2,1,1
4393.65,0,16,1,0
710.29,0,4,1,1
3330.42,0,7,1,0
5907.1,0,11,1,1
2763.76,0,22,1,0
48.71,1,11,1,0
36.32,1,0,1,0
1766.62,0,0,1,1
10000.0,0,14,1,1
1038.59,0,16,1,0
4024.46,0,1,1,1
1004.51,1,16,1,0
1552.49,0,19,1,0
7536.61,1,8,1,0
5220.5,1,11,1,0
401.05,0,3,1,1
2239.38,0,12,1,0
118.41,0,3,1,1
2622.56,0,6,1,0
4343.98,0,13,1,0
504.53,0,8,1,0
1363.68,1,22,1,0
2028.91,0,0,1,0
10000.0,0,0,1,1
10000.0,1,19,1,0
183.8,1,3,1,0
5725.3,0,0,1,1
1859.1,1,21,1,0
1993.34,0,9,1,0
5614.01,0,1,1,1
10000.0,0,20,1,1
10000.0,0,23,1,1
3442.69,1,14,1,0
1767.2,1,2,1,0
6196.18,1,22,1,0
1156.07,0,8,1,0
3321.13,0,16,1,0
1776.27,0,20,1,0
4275.8,0,12,1,0
1099.85,1,2,1,0
850.76,1,3,1,0
10000.0,0,3,1,1
429.47,0,10,1,0
2820.54,0,6,1,0
998.22,0,10,1,0
158.83,0,23,1,0
146.73,0,10,1,0
770.56,0,9,1,0
8062.72,0,4,1,1
1327.81,0,12,1,0
10000.0,0,11,1,1
3485.48,1,9,1,0
2295.16,0,6,1,0
3470.85,1,18,1,0
2908.46,0,18,1,0
5688.12,0,18,1,1
1327.91,0,11,1,0
1741.95,0,19,1,0
8980.82,1,21,1,0
10000.0,0,14,1,1
8923.22,1,4,1,1
2175.1,1,23,1,0
6063.16,0,13,1,1
2587.62,0,11,1,0
2752.96,1,20,1,0
916.04,0,10,1,0
3577.44,1,4,1,0
823.85,0,15,1,0
1611.26,0,17,1,0
7724.92,0,11,1,1
928.11,0,4,1,1
295.27,1,15,1,0
286.02,0,11,1,0
10000.0,1,22,1,0
2828.34,0,1,1,1
2106.55,0,5,1,1
6661.46,0,22,1,1
7227.31,0,20,1,1
1615.01,0,3,1,1
4731.69,0,12,1,0
5898.28,1,9,1,0
4252.8,0,16,1,0
657.59,0,13,1,0
8346.13,1,23,1,0
3098.25,1,14,1,0
1327.78,0,7,1,0
2215.13,0,22,1,0
153.18,1,23,1,0
547.25,0,17,1,0
5802.0,0,2,1,1
10.0,0,16,1,0
2155.29,1,23,1,0
2956.85,0,23,1,0
224.73,1,6,1,0
10000.0,0,12,1,1
1025.38,1,15,1,0
1450.76,0,4,1,1
1449.29,0,3,1,1
1047.62,1,9,1,0
10.0,0,12,1,0
5227.64,0,9,1,1
10000.0,0,13,1,1
1015.92,0,21,1,0
4351.25,0,11,1,0
5417.58,1,0,1,0
7546.71,0,20,1,1
2197.08,0,19,1,0
1443.48,0,19,1,0
1573.92,1,6,1,0
4987.82,1,8,1,0
6788.26,0,7,1,1
801.68,0,12,1,0
1854.12,1,13,1,0
9288.71,0,11,1,1
6573.91,1,7,1,0
10000.0,1,20,1,0
5613.73,1,21,1,0
1998.19,0,17,1,0
3572.62,1,15,1,0
4327.19,1,10,1,0
326.82,0,15,1,0
3145.41,0,13,1,0
4942.14,0,2,1,1
732.43,0,20,1,0
6068.01,0,1,1,1
3506.1,0,2,1,1
10000.0,0,3,1,1
173.39,0,21,1,0
1233.31,0,4,1,1
3680.73,1,9,1,0
1407.09,1,19,1,0
5012.99,0,1,1,1
5691.92,0,11,1,1
432.64,0,4,1,1
2884.99,1,4,1,0
2844.35,1,22,1,0
1843.58,1,0,1,0
10000.0,0,3,1,1
7029.58,1,20,1,0
4778.85,0,23,1,0
5011.62,1,11,1,0
2477.48,0,11,1,0
10000.0,1,15,1,0
4744.47,0,23,1,0
5222.27,1,16,1,0
7913.06,1,20,1,0
1281.22,0,9,1,0
6581.73,0,16,1,1
868.85,1,16,1,0
1694.57,0,17,1,0
1635.55,0,1,1,1
10000.0,0,3,1,1
7766.72,0,18,1,1
4831.52,0,10,1,0
5193.97,0,16,1,1
3302.81,0,11,1,0
10000.0,0,1,1,1
2742.77,1,5,1,0
1915.48,1,8,1,0
711.89,1,4,1,0
6170.96,0,19,1,1
5303.72,1,20,1,0
1940.34,0,8,1,0
102.06,0,22,1,0
7305.34,1,7,1,0
45.93,1,19,1,0
4865.53,1,7,1,0
10000.0,1,21,1,0
2302.6,0,20,1,0
1071.38,0,22,1,0
4881.37,1,5,1,0
6795.88,0,2,1,1
3162.43,0,4,1,1
10000.0,1,8,1,0
212.21,1,6,1,0
2811.14,0,3,1,1
5069.84,1,6,1,0
7940.61,1,4,1,0
790.17,1,10,1,0
6437.82,0,14,1,1
3218.17,0,1,1,1
2020.39,0,12,1,0
564.94,0,21,1,0
8018.69,0,15,1,1
684.45,0,6,1,0
1483.03,0,7,1,0
1370.22,1,5,1,0
8204.63,0,23,1,1
4467.55,1,6,1,0
6371.92,1,17,1,0
1153.22,0,21,1,0
3921.97,1,21,1,0
3392.16,0,19,1,0
7154.99,0,6,1,1
9461.55,1,2,1,0
48.93,0,4,1,1
4483.68,1,0,1,0
212.91,0,14,1,0
3183.9,1,2,1,0
1356.65,0,7,1,0
1465.61,1,8,1,0
1741.38,0,14,1,0
3883.96,1,9,1,0
1626.16,1,1,1,0
5277.52,0,19,1,1
2073.6,1,4,1,0
283.21,0,18,1,0
6125.46,1,12,1,0
1346.14,0,10,1,0
2267.94,1,0,1,0
4626.37,1,21,1,0
1616.6,0,14,1,0
233.0,0,17,1,0
1873.12,0,15,1,0
10000.0,1,8,1,0
4105.92,0,0,1,1
4452.62,0,10,1,0
4001.76,1,8,1,0
887.54,0,22,1,0
2167.43,1,10,1,0
5560.24,0,12,1,1
427.55,0,1,1,1
1302.1,1,13,1,0
1293.62,0,5,1,1
2262.67,0,7,1,0
10000.0,1,17,1,0
279.56,0,15,1,0
2925.07,1,20,1,0
790.71,1,11,1,0
10000.0,0,10,1,1
481.01,0,5,1,1
2067.38,1,2,1,0
5355.89,0,13,1,1
4877.08,0,1,1,1
2197.77,1,10,1,0
1701.8,0,21,1,0
2027.42,1,2,1,0
1227.6,0,17,1,0
919.33,0,0,1,0
2639.16,0,23,1,0
1250.82,1,0,1,0
1355.69,1,11,1,0
4277.26,1,14,1,0
10000.0,0,4,1,1
3701.7,0,5,1,0
320.42,0,15,1,0
314.37,0,11,1,0
10000.0,0,11,1,1
1411.25,1,2,1,0
386.34,0,22,1,0
3655.62,1,1,1,0
3908.93,0,6,1,0
4182.24,1,1,1,0
1244.63,0,20,1,0
60.9,0,6,1,0
10000.0,0,10,1,1
1155.49,0,10,1,0
4508.37,0,13,1,0
4905.28,0,2,1,1
3766.51,0,13,1,0
1501.14,1,10,1,0
1264.85,1,3,1,0
3641.91,1,16,1,0
8042.52,0,15,1,1
10000.0,1,2,1,0
447.78,0,9,1,0
672.86,0,20,1,0
10000.0,0,14,1,1
5335.34,0,7,1,1
8582.11,0,17,1,1
905.76,0,2,1,1
3542.91,0,6,1,0
4831.11,1,9,1,0
4559.14,1,19,1,0
2098.02,1,8,1,0
62.06,1,13,1,0
3497.97,0,22,1,0
1167.3,1,13,1,0
2393.2,1,10,1,0
10000.0,0,0,1,1
2036.88,0,3,1,1
7325.37,1,5,1,0
835.68,0,21,1,0
4464.59,1,21,1,0
10000.0,0,4,1,1
429.86,0,2,1,1
33.42,0,1,1,1
2273.7,0,2,1,1
388.8,1,8,1,0
5519.41,1,18,1,0
9839.23,0,18,1,1
2276.79,0,16,1,0
1197.46,1,17,1,0
2279.5,1,10,1,0
5141.42,0,11,1,1
36.38,0,2,1,1
3561.07,1,17,1,0
3800.34,1,23,1,0
4061.0,0,5,1,1
1108.4,0,6,1,0
5007.79,1,0,1,0
383.36,1,5,1,0
888.93,0,17,1,0
8397.6,0,12,1,1
5368.7,1,21,1,0
55.36,0,18,1,0
1142.08,0,6,1,0
965.26,0,18,1,0
1263.26,0,8,1,0
1137.73,1,2,1,0
258.27,0,22,1,0
2456.9,1,11,1,0
5278.04,0,19,1,1
3733.05,0,23,1,0
4469.61,0,17,1,0
338.53,1,7,1,0
10000.0,1,8,1,0
7292.8,0,12,1,1
6540.88,1,7,1,0
6926.06,1,21,1,0
10000.0,1,9,1,0
3143.28,0,16,1,0
893.98,1,6,1,0
3836.62,0,16,1,0
5432.87,0,22,1,1
5356.38,1,17,1,0
2947.97,0,23,1,1
283.66,0,1,1,1
1855.21,0,2,1,1
10000.0,1,18,1,0
3512.6,1,0,1,0
3091.64,0,20,1,0
1252.57,1,20,1,0
1838.31,0,9,1,0
9028.39,0,20,1,1
4392.01,1,13,1,0
6193.13,0,12,1,1
2423.08,0,8,1,0
3979.68,0,5,1,1
1142.12,1,5,1,0
4889.37,0,18,1,0
2231.68,1,20,1,0
2337.5,1,9,1,0
4191.55,0,22,1,0
10000.0,1,2,1,1
264.59,0,17,1,0
6966.01,0,20,1,1
1383.41,1,18,1,0
2347.37,1,4,1,0
88.63,0,10,1,0
1432.68,0,9,1,0
2793.69,0,16,1,0
231.26,0,3,1,1
2701.98,0,20,1,0
10000.0,0,17,1,1
445.48,1,17,1,0
5783.17,0,0,1,1
2108.3,0,13,1,0
4258.86,1,7,1,0
1205.7,1,1,1,0
695.0,0,18,1,0
699.62,0,14,1,0
292.4,1,1,1,0
821.44,0,3,1,1
4365.19,0,0,1,1
8537.81,1,18,1,0
6730.74,0,20,1,1
4622.44,0,9,1,0
468.08,0,0,1,1
1365.39,0,19,1,0
1483.14,0,21,1,0
1150.5,1,14,1,0
2894.47,0,3,1,1
3067.64,0,6,1,0
1765.73,0,6,1,0
1746.52,1,21,1,0
7053.99,0,17,1,1
6229.14,0,12,1,1
1471.5,1,9,1,0
9803.8,0,23,1,1
10000.0,0,7,1,1
1582.51,0,9,1,0
1750.46,0,13,1,0
2817.92,0,13,1,0
10000.0,1,19,1,0
8360.21,0,21,1,1
432.87,0,10,1,0
1995.13,0,5,1,1
3224.11,0,20,1,0
2797.73,0,0,1,1
862.01,1,18,1,0
7830.79,0,6,1,1
4519.68,1,23,1,0
7278.37,0,17,1,1
7829.3,0,2,1,1
5518.96,0,19,1,1
2313.64,0,10,1,0
3772.05,0,4,1,0
699.15,0,18,1,0
4479.08,1,20,1,0
790.16,0,23,1,0
4736.02,0,23,1,0
1043.37,0,1,1,1
500.22,0,21,1,0
722.66,0,3,1,1
10.0,0,9,1,0
5073.9,0,1,1,1
5273.06,1,7,1,0
2893.88,1,0,1,0
703.91,0,5,1,1
349.01,0,10,1,0
77.26,1,9,1,0
724.88,0,12,1,0
8860.33,0,0,1,1
1105.84,0,1,1,1
1749.5,0,2,1,0
445.27,0,8,1,0
1005.97,0,4,1,1
2929.42,0,9,1,0
3743.45,0,9,1,0
1126.02,1,11,1,0
237.86,0,17,1,0
1983.96,0,20,1,0
1067.35,0,20,1,0
991.56,1,0,1,0
10000.0,1,2,1,0
3831.58,1,4,1,0
3255.64,0,16,1,0
2149.88,1,7,1,0
2241.07,1,16,1,0
3113.99,0,8,1,0
4768.57,0,5,1,1
4844.61,0,16,1,0
753.49,1,7,1,0
2773.49,0,20,1,0
2123.83,0,6,1,0
8177.13,1,6,1,0
3992.38,1,14,1,0
3041.46,1,6,1,0
490.45,1,21,1,0
3721.94,0,7,1,0
498.64,1,8,1,0
1645.17,0,14,1,0
616.53,1,1,1,0
4711.58,0,6,1,0
923.96,1,14,1,0
1989.4,1,17,1,0
9040.97,1,21,1,0
914.21,0,17,1,0
2835.52,0,9,1,0
2173.89,1,21,1,0
73.16,0,17,1,0
6295.47,1,0,1,0
286.18,0,6,1,0
2571.76,1,2,1,0
3290.09,0,13,1,0
3960.03,1,11,1,0
4667.11,1,13,1,0
1168.22,0,3,1,1
40.12,0,12,1,0
5141.36,0,15,1,1
3068.52,0,15,1,0
7234.43,0,21,1,1
6890.17,1,4,1,0
7414.36,0,19,1,1
2655.09,0,5,1,1
1623.63,0,5,1,1
6272.38,0,17,1,1
2400.77,0,5,1,0
810.63,1,6,1,0
7723.37,1,23,1,1
8567.31,0,23,1,1
2511.76,0,15,1,0
314.87,1,8,1,0
1962.96,0,12,1,0
6509.14,0,11,1,1
9281.94,0,18,1,1
909.98,0,22,1,0
277.29,1,22,1,0
8393.7,1,0,1,0
1973.29,0,7,1,0
3121.46,0,3,1,0
10000.0,1,20,1,0
275.53,1,21,1,0
4180.11,1,18,1,0
307.98,1,20,1,0
1883.02,0,4,1,1
6514.78,1,16,1,0
2272.92,1,2,1,0
10000.0,0,18,1,1
3275.38,1,0,1,0
1549.49,0,22,1,0
994.42,0,0,1,1
1726.34,0,22,1,0
1864.26,0,19,1,0
284.75,0,8,1,0
1845.44,0,22,1,0
2496.26,0,4,1,1
5131.17,0,6,1,1
4276.95,0,5,1,1
4934.51,0,16,1,0
33.6,1,21,1,0
981.9,0,16,1,0
4335.1,0,12,1,0
2646.51,1,11,1,0
21.31,1,3,1,0
6528.67,1,7,1,0
5927.87,0,4,1,1
3180.0,0,4,1,1
275.1,1,12,1,0
5818.55,0,10,1,1
3505.53,0,7,1,0
6092.31,0,7,1,1
5573.23,1,0,1,0
6498.25,0,12,1,1
2919.31,1,4,1,0
604.8,1,20,1,0
4448.71,0,7,1,0
3875.33,1,16,1,0
5423.11,1,22,1,0
744.74,1,22,1,0
867.53,0,12,1,0
8844.02,1,8,1,0
5544.82,0,1,1,1
9553.81,1,18,1,0
5687.11,0,19,1,1
3636.82,0,16,1,0
4246.8,1,6,1,0
8797.51,1,2,1,0
3458.65,0,18,1,0
4002.95,0,18,1,0
680.67,0,23,1,1
2569.22,1,8,1,0
5040.72,1,9,1,0
1264.01,1,13,1,0
903.86,0,17,1,0
1506.5,0,14,1,0
1105.65,1,0,1,0
967.84,1,5,1,0
2212.5,0,14,1,0
9536.85,1,5,1,0
2829.47,0,17,1,0
832.63,0,0,1,1
320.38,0,23,1,1
4764.97,0,2,1,1
1930.24,0,16,1,0
6900.09,0,15,1,1
4309.49,0,7,1,0
6363.28,1,16,1,0
1269.52,0,7,1,0
4715.29,0,16,1,0
1226.44,0,8,1,0
10000.0,0,11,1,1
4046.52,1,18,1,0
1569.28,0,3,1,1
1256.17,1,20,1,0
847.46,1,21,1,0
4745.07,0,10,1,0
987.26,0,3,1,0
3618.47,0,13,1,0
1229.55,0,13,1,0
4338.47,1,5,1,0
6748.29,0,16,1,1
6020.77,0,1,1,1
5722.68,0,7,1,1
831.65,0,3,1,1
370.15,0,9,1,0
4801.9,0,6,1,0
1837.66,0,3,1,1
2264.97,0,15,1,0
126.58,1,13,1,0
1202.13,1,15,1,0
137.03,0,8,1,0
8454.0,0,3,1,1
1115.66,1,23,1,0
3259.79,0,5,1,1
159.04,0,0,1,1
4396.62,0,6,1,0
1560.5,1,0,1,0
9127.96,0,18,1,1
8761.25,1,7,1,0
1573.89,1,2,1,0
9248.96,1,0,1,0
10000.0,1,0,1,0
6981.39,0,6,1,1
7454.0,0,20,1,1
1145.45,1,12,1,0
3438.72,1,0,1,0
278.5,0,15,1,0
398.92,1,21,1,0
10000.0,0,21,1,1
1581.9,0,13,1,0
5516.23,0,3,1,1
6573.32,0,22,1,1
7808.37,0,22,1,1
10000.0,0,11,1,1
1105.63,0,11,1,0
164.75,0,16,1,0
2118.62,0,20,1,0
557.42,1,14,1,0
90.72,0,9,1,0
1787.82,0,2,1,1
6125.06,0,22,1,1
3340.51,0,19,1,0
1500.39,1,19,1,0
4249.22,0,11,1,0
1055.96,1,0,1,0
57.94,0,0,1,1
5781.69,0,9,1,1
3909.93,0,17,1,0
5747.03,0,14,1,1
158.87,0,1,1,1
7258.96,0,16,1,1
3865.35,0,7,1,0
3314.91,0,21,1,0
3919.2,1,21,1,0
7993.16,0,8,1,1
3536.62,0,20,1,0
3479.06,0,19,1,0
10000.0,0,10,1,1
5654.34,0,5,1,1
2335.69,1,23,1,0
4915.75,1,13,1,0
1972.14,0,0,1,1
1039.62,0,6,1,0
3633.8,0,23,1,0
10000.0,1,8,1,0
10000.0,0,10,1,1
1673.63,0,23,1,1
3000.37,0,22,1,0
951.18,1,15,1,0
10000.0,0,18,1,1
10000.0,0,1,1,1
4193.68,1,14,1,0
6527.02,0,2,1,1
5022.47,1,3,1,1
3597.32,0,19,1,0
219.29,1,21,1,0
2426.15,1,6,1,0
4493.09,0,11,1,0
4527.0,1,3,1,0
1868.02,0,9,1,0
10000.0,1,5,1,0
732.6,0,21,1,0
2775.47,1,13,1,0
4696.15,0,2,1,1
4777.88,1,16,1,0
4183.76,0,10,1,0
1287.92,1,9,1,0
679.39,1,20,1,0
4041.75,0,9,1,0
3658.19,1,9,1,0
790.66,1,2,1,0
4885.01,0,23,1,0
2429.14,0,14,1,0
4407.6,0,16,1,0
7265.04,0,17,1,1
744.01,0,18,1,0
77.32,0,18,1,0
6040.23,0,11,1,1
3763.33,0,23,1,0
4811.09,0,4,1,1
7284.46,1,23,1,1
6494.37,1,15,1,0
10000.0,0,14,1,1
3070.92,1,14,1,0
2681.6,1,5,1,0
2055.9,1,11,1,0
667.48,0,1,1,1
3400.21,0,19,1,0
1297.45,1,8,1,0
10000.0,1,3,1,0
3500.51,1,4,1,0
3594.2,1,20,1,0
1753.55,0,7,1,0
213.56,0,21,1,0
129.03,0,9,1,0
2201.98,0,6,1,0
353.43,1,21,1,0
3734.23,0,13,1,0
8513.62,0,4,1,1
8579.41,1,15,1,0
4304.02,0,14,1,0
949.13,1,4,1,0
7951.0,1,2,1,1
8689.51,0,22,1,1
875.88,0,9,1,1
5348.89,0,4,1,1
1350.4,0,22,1,0
6490.91,0,14,1,1
10000.0,0,17,1,1
121.94,1,7,1,0
9106.34,0,20,1,1
3898.12,1,1,1,0
10000.0,0,21,1,1
2502.03,0,7,1,0
7519.42,1,22,1,0
257.7,0,7,1,0
1633.55,0,3,1,1
277.47,1,18,1,0
10000.0,1,22,1,0
6792.51,1,17,1,0
7656.99,0,20,1,1
10000.0,0,22,1,1
355.78,1,0,1,0
1948.42,1,19,1,0
294.74,0,14,1,0
946.91,1,17,1,0
1042.17,0,21,1,0
2532.78,0,11,1,0
1250.97,0,0,1,1
425.79,0,6,1,0
733.25,0,18,1,0
637.28,0,0,1,1
10000.0,0,23,1,1
5696.69,1,6,1,0
10000.0,1,1,1,0
2317.42,1,6,1,0
1304.96,1,18,1,0
6403.76,0,12,1,1
1579.61,0,23,1,1
1423.18,1,4,1,0
1058.5,0,22,1,0
555.57,0,18,1,0
1185.35,0,0,1,1
1756.0,1,0,1,0
4483.36,0,17,1,0
258.43,1,23,1,0
945.46,0,0,1,1
6622.42,1,4,1,0
635.62,1,8,1,0
1678.13,1,11,1,0
7999.83,0,8,1,1
673.32,0,17,1,0
345.44,1,22,1,0
2650.77,0,10,1,0
1440.55,0,0,1,1
3315.03,0,18,1,0
6514.58,1,21,1,0
590.05,0,9,1,0
3476.67,1,1,1,0
2816.9,0,6,1,0
622.31,0,19,1,0
3912.65,1,1,1,0
1278.84,0,18,1,0
2676.43,0,5,1,1
343.42,1,9,1,0
2461.66,1,8,1,0
1463.81,0,7,1,0
6912.46,1,10,1,0
234.67,1,8,1,0
2169.32,1,19,1,0
2453.14,0,19,1,0
5164.03,0,8,1,1
3415.96,1,7,1,0
4401.0,1,14,1,0
6003.22,0,1,1,1
7927.89,0,23,1,1
1506.78,0,0,1,1
3088.96,0,8,1,0
7333.03,0,8,1,1
10000.0,0,12,1,1
8811.66,1,7,1,0
1857.47,0,20,1,0
868.48,1,4,1,0
2688.62,0,2,1,1
5413.63,0,20,1,1
2713.58,0,3,1,1
2640.25,0,16,1,0
7286.33,1,15,1,0
1793.93,1,15,1,0
7858.59,0,19,1,1
2088.93,0,2,1,1
1591.38,0,5,1,1
2420.47,1,0,1,0
5749.46,1,20,1,0
538.71,0,15,1,0
874.71,1,14,1,0
10000.0,1,6,1,0
771.87,0,1,1,1
3354.79,0,9,1,0
3463.48,1,14,1,0
2690.43,1,5,1,0
4139.68,0,1,1,1
1044.56,0,23,1,1
3217.77,0,23,1,0
1861.96,0,16,1,0
4334.9,1,0,1,0
608.99,0,0,1,1
3384.05,1,3,1,0
819.6,1,19,1,0
1306.48,0,15,1,0
987.23,0,7,1,0
807.67,0,0,1,1
6988.16,1,18,1,0
1345.85,0,10,1,0
10000.0,1,16,1,0
10000.0,1,9,1,0
3387.62,0,11,1,0
617.27,1,8,1,0
1877.12,1,6,1,0
6392.65,0,11,1,1
1831.61,0,14,1,0
364.15,1,7,1,0
3254.8,1,16,1,0
7460.44,0,4,1,1
6357.1,0,13,1,1
770.08,0,1,1,1
4468.3,1,15,1,0
996.43,0,16,1,0
984.66,0,2,1,1
8288.17,1,22,1,0
1148.96,0,0,1,1
1222.01,1,17,1,0
10.0,0,17,1,0
8181.52,1,3,1,0
6292.32,0,14,1,1
3948.24,1,18,1,0
5549.43,1,18,1,0
659.73,0,9,1,0
2452.35,0,4,1,0
1730.64,0,18,1,0
393.88,0,10,1,0
2663.14,1,6,1,0
10000.0,1,4,1,0
163.53,0,19,1,0
1378.2,1,11,1,0
930.46,1,18,1,0
1088.0,1,14,1,0
9562.81,0,11,1,1
2524.97,0,3,1,1
2511.68,0,11,1,0
5718.07,0,17,1,1
671.27,0,16,1,0
2671.99,0,18,1,0
2248.37,0,15,1,0
3634.39,1,10,1,0
10000.0,0,1,1,1
5869.13,0,15,1,1
2029.1,0,0,1,1
7030.66,0,16,1,1
748.73,0,17,1,0
123.75,0,12,1,0
914.88,0,4,1,1
1664.56,0,23,1,0
2858.14,0,5,1,1
3819.39,0,0,1,1
9658.79,1,9,1,0
2852.21,0,4,1,1
2782.81,0,0,1,1
206.2,0,22,1,0
142.14,0,10,1,0
3204.35,0,23,1,0
2306.29,0,23,1,1
7309.89,1,6,1,0
700.65,0,17,1,0
101.15,0,20,1,0
2384.36,1,19,1,0
1084.5,1,20,1,0
203.55,0,9,1,0
5158.1,0,14,1,1
473.3,0,3,1,1
3749.24,0,15,1,0
1319.85,0,14,1,0
762.2,0,14,1,0
1910.54,1,11,1,0
6466.77,0,7,1,1
1990.94,0,7,1,0
5557.51,0,17,1,1
536.35,1,5,1,0
5927.2,0,4,1,1
1081.64,1,1,1,0
4525.28,0,11,1,0
3336.83,0,3,1,1
10000.0,0,22,1,1
1959.67,0,12,1,0
273.82,0,16,1,0
77.37,0,15,1,0
7014.59,0,8,1,1
2975.54,1,0,1,0
5970.96,0,14,1,1
1068.52,0,11,1,0
1692.99,0,4,1,0
122.27,1,22,1,0
10000.0,1,23,1,0
4408.89,0,17,1,0
10000.0,0,19,1,1
1234.24,0,1,1,1
3781.47,1,3,1,0
4539.03,1,14,1,0
1528.26,0,5,1,1
7538.37,0,21,1,1
10000.0,0,11,1,1
8646.26,0,17,1,1
5373.97,1,19,1,0
1299.96,0,3,1,1
1323.0,0,0,1,1
10000.0,1,14,1,0
41.35,1,17,1,0
5035.83,0,13,1,1
4900.05,1,2,1,0
3898.75,0,14,1,0
10000.0,1,4,1,0
1495.16,1,23,1,0
1661.89,0,21,1,0
328.92,1,2,1,0
2339.31,1,21,1,0
1210.09,0,6,1,0
1682.64,0,5,1,1
7196.87,1,21,1,0
10000.0,0,0,1,1
821.87,0,18,1,0
1864.1,1,6,1,0
10000.0,1,3,1,0
255.2,0,11,1,0
387.63,0,19,1,0
710.73,0,22,1,0
3617.58,0,17,1,0
652.3,0,8,1,0
10000.0,1,18,1,0
2367.52,0,21,1,0
2784.75,0,3,1,1
1132.95,0,0,1,1
2546.77,1,8,1,0
4337.82,0,14,1,0
5564.06,0,21,1,1
5607.55,0,7,1,1
3449.97,0,14,1,0
9388.65,0,14,1,1
6802.0,0,17,1,1
5659.57,0,6,1,1
228.85,0,21,1,0
27.61,0,17,1,0
955.3,0,15,1,0
4356.91,0,1,1,1
2118.66,0,3,1,1
2059.38,0,19,1,0
8636.95,0,15,1,1
9036.68,1,2,1,1
9595.29,0,23,1,1
1506.8,0,22,1,0
4698.38,0,1,1,1
1267.8,1,2,1,0
845.9,1,4,1,0
816.47,0,1,1,1
1674.86,0,18,1,0
2248.18,0,23,1,0
7110.22,0,19,1,1
510.84,0,1,1,1
5310.98,1,1,1,1
3032.49,0,21,1,0
1358.4,1,23,1,0
2715.55,0,22,1,0
1426.37,1,19,1,0
3626.17,1,17,1,0
2275.54,0,19,1,0
718.45,0,20,1,0
495.83,0,13,1,0
3164.77,0,14,1,0
9308.05,0,11,1,1
1686.12,0,10,1,0
5282.03,0,10,1,1
4299.52,1,6,1,0
10000.0,0,11,1,1
6881.05,1,15,1,0
3344.43,0,4,1,1
4280.46,1,1,1,0
9146.31,0,21,1,1
2040.1,0,15,1,0
1582.82,1,22,1,0
43.48,0,14,1,0
7007.49,1,10,1,0
6457.41,0,5,1,1
441.29,0,12,1,0
3440.18,0,18,1,0
2494.35,1,9,1,0
505.47,0,23,1,0
10000.0,1,18,1,0
966.74,1,4,1,0
278.4,0,20,1,0
3613.97,0,6,1,0
5370.9,1,10,1,1
131.93,0,13,1,0
4300.18,0,22,1,0
3039.64,0,20,1,0
435.98,0,15,1,0
757.5,0,17,1,0
3357.08,0,20,1,0
1405.94,1,22,1,0
10000.0,0,22,1,1
6831.3,0,3,1,1
10000.0,1,0,1,0
1202.64,1,21,1,0
10000.0,1,14,1,0
2257.14,0,13,1,0
1707.89,1,18,1,0
206.65,0,4,1,1
216.83,0,3,1,1
4710.77,0,12,1,0
2449.43,0,17,1,0
1027.43,1,11,1,0
3807.36,0,22,1,0
1166.0,1,20,1,0
3447.51,1,14,1,0
1780.21,0,22,1,0
6938.92,0,8,1,1
6874.69,0,3,1,1
2595.38,0,4,1,1
1728.18,0,8,1,0
1801.18,1,12,1,0
6553.71,0,9,1,1
1591.06,0,15,1,0
938.13,1,12,1,0
353.96,0,3,1,1
2514.63,1,20,1,0
2632.14,0,12,1,0
7353.11,0,20,1,1
1000.2,0,7,1,0
1918.54,0,12,1,0
6609.5,0,14,1,1
6940.54,1,19,1,0
1942.0,0,19,1,0
2458.26,1,12,1,0
1445.52,0,22,1,0
10000.0,0,4,1,1
505.17,0,21,1,0
10000.0,1,21,1,0
4606.36,0,5,1,1
3033.49,0,4,1,1
132.82,1,12,1,0
2581.97,0,4,1,1
2095.29,1,12,1,0
703.22,0,23,1,1
4273.22,1,19,1,0
10000.0,1,22,1,0
3303.87,1,7,1,0
5017.6,0,8,1,1
283.62,0,20,1,0
2162.85,1,18,1,0
494.82,0,19,1,0
3795.21,0,14,1,0
10000.0,1,21,1,0
4336.21,0,9,1,0
319.65,0,10,1,0
1751.95,0,4,1,1
3199.93,0,8,1,0
2064.74,0,10,1,0
7174.5,1,18,1,0
6742.49,0,1,1,1
3785.26,1,5,1,0
1870.16,1,22,1,0
1179.29,1,20,1,0
447.64,0,0,1,1
1753.39,1,2,1,0
2132.1,0,2,1,1
4505.86,0,13,1,0
4293.65,1,19,1,0
290.75,0,21,1,0
2011.82,1,4,1,0
802.49,0,16,1,0
682.26,1,14,1,0
7024.85,0,5,1,1
171.28,1,13,1,0
2173.28,0,13,1,0
736.67,0,16,1,0
8458.79,0,7,1,1
3257.11,0,7,1,0
1052.64,0,18,1,0
2792.05,0,8,1,0
5259.41,0,10,1,1
10000.0,0,12,1,1
996.13,0,12,1,0
8692.61,1,23,1,0
10000.0,1,18,1,0
9927.83,1,20,1,0
4035.98,1,18,1,0
3975.07,0,4,1,1
2064.76,0,15,1,0
5583.73,0,8,1,1
3031.12,1,19,1,0
4525.84,1,21,1,0
2237.67,0,2,1,1
5259.56,0,18,1,1
6959.82,0,4,1,1
633.34,0,7,1,0
7157.36,0,13,1,1
3108.69,0,23,1,0
7448.71,1,2,1,0
2257.62,0,23,1,0
1905.96,1,12,1,0
9863.28,1,10,1,0
1156.97,1,7,1,0
7437.05,1,18,1,0
2646.75,1,9,1,0
2886.97,1,17,1,0
1475.39,1,17,1,0
3404.28,0,6,1,0
1573.42,1,15,1,0
160.25,1,5,1,0
1269.81,1,15,1,0
25.6,1,15,1,0
10000.0,0,22,1,1
10000.0,0,23,1,1
2011.13,0,0,1,1
5213.27,0,23,1,1
1697.41,1,18,1,0
4447.92,0,2,1,1
6547.85,0,5,1,1
10000.0,0,3,1,1
2044.72,0,3,1,1
6116.93,1,3,1,0
1236.6,1,9,1,0
10000.0,0,8,1,1
104.43,0,7,1,0
3700.61,0,18,1,0
4309.43,0,16,1,0
4659.59,0,16,1,0
513.1,1,0,1,0
10000.0,0,19,1,1
799.58,0,13,1,0
3899.42,0,21,1,0
1007.59,1,19,1,0
1468.15,1,10,1,0
3162.67,1,2,1,0
2159.6,0,23,1,1
698.49,1,7,1,0
749.83,0,21,1,0
2166.13,0,9,1,0
5663.44,0,16,1,1
9129.74,0,7,1,1
351.51,1,21,1,0
1997.59,1,0,1,0
422.53,0,19,1,0
66.93,1,20,1,0
4335.51,1,6,1,0
3689.73,1,23,1,0
711.82,0,8,1,0
1065.32,0,11,1,0
95.97,0,21,1,0
7205.96,1,8,1,0
10000.0,0,19,1,1
582.23,0,23,1,0
1053.13,0,2,1,1
8112.24,0,3,1,1
10000.0,1,9,1,0
2176.34,1,3,1,0
207.79,1,21,1,0
160.75,1,8,1,0
3412.79,0,21,1,0
1996.21,0,0,1,1
116.28,0,4,1,0
3501.1,0,8,1,0
45.47,0,4,1,1
6192.84,1,5,1,0
1463.63,0,18,1,0
164.36,1,7,1,0
3550.35,0,9,1,0
2027.89,0,10,1,0
10000.0,0,12,1,1
3142.79,0,19,1,0
1287.65,0,3,1,1
4943.77,0,10,1,0
1267.03,0,11,1,0
9383.78,0,4,1,1
1878.24,0,9,1,0
3192.86,1,23,1,0
207.59,1,6,1,0
2221.35,0,20,1,0
7143.83,1,8,1,0
6552.35,1,8,1,0
1016.05,1,9,1,0
1025.14,0,9,1,0
6799.76,0,1,1,1
10000.0,1,3,1,0
400.88,0,7,1,0
2391.77,1,13,1,0
1646.66,1,16,1,0
8182.12,0,12,1,1
348.88,0,20,1,0
948.59,0,23,1,1
5584.87,0,17,1,1
210.62,0,17,1,0
2713.31,0,12,1,0
2334.35,0,7,1,0
1628.27,0,11,1,0
2007.28,1,22,1,0
3019.58,0,23,1,0
703.93,1,20,1,0
3394.49,1,0,1,0
6547.9,0,19,1,1
5711.15,1,17,1,0
668.47,0,2,1,1
646.55,1,11,1,0
1248.85,0,18,1,0
1791.87,0,12,1,0
2100.07,0,9,1,0
4553.95,0,14,1,0
233.4,0,19,1,0
141.15,0,1,1,1
1989.73,0,18,1,0
4778.25,0,2,1,1
859.88,0,13,1,0
4103.36,0,6,1,0
1203.49,0,7,1,0
8689.25,0,10,1,1
9041.55,1,21,1,0
1411.23,0,19,1,0
1045.43,1,5,1,0
2119.38,0,10,1,0
1100.55,1,16,1,0
4463.65,0,9,1,0
6996.29,0,23,1,1
4472.31,0,16,1,0
6957.06,0,20,1,1
2023.3,0,1,1,1
679.91,0,5,1,1
5356.89,1,4,1,0
1788.12,0,3,1,0
4450.08,0,1,1,1
1262.37,1,11,1,0
338.88,0,2,1,0
10000.0,1,5,1,0
679.37,0,23,1,0
10000.0,1,13,1,0
10000.0,0,7,1,1
6315.99,1,20,1,0
4308.46,1,20,1,0
3449.17,0,13,1,0
8042.69,0,2,1,1
1366.8,0,15,1,0
2522.05,1,14,1,0
3863.92,0,6,1,0
2118.61,0,14,1,0
2230.88,0,12,1,0
1603.61,0,5,1,1
3322.58,0,14,1,0
7603.83,1,16,1,0
900.22,0,3,1,0
10000.0,1,21,1,0
4672.98,0,21,1,0
6932.6,0,13,1,1
3249.44,0,14,1,0
6047.73,0,11,1,1
65.33,1,18,1,0
6823.36,1,21,1,0
163.87,0,9,1,0
8825.95,0,5,1,1
10000.0,0,8,1,1
1392.94,1,1,1,0
944.5,1,3,1,0
5798.87,1,8,1,0
1166.9,0,14,1,0
8026.62,0,12,1,1
434.1,0,19,1,0
538.49,0,7,1,0
10000.0,0,18,1,1
4481.46,0,18,1,0
7506.32,0,15,1,1
1568.2,1,10,1,0
4514.02,1,9,1,0
3607.99,0,7,1,0
3696.79,0,0,1,1
4589.52,0,9,1,0
3426.05,1,17,1,0
2241.9,1,2,1,0
1291.43,1,10,1,0
5854.11,1,17,1,0
1026.14,0,2,1,1
4715.23,0,7,1,0
1062.81,0,13,1,0
3926.84,0,5,1,1
5498.7,1,14,1,0
987.26,0,13,1,0
247.26,0,6,1,0
561.53,0,9,1,0
3725.59,1,14,1,0
7573.74,0,9,1,1
184.16,1,21,1,0
5299.31,0,16,1,1
1670.06,0,18,1,0
2604.4,0,16,1,0
10000.0,1,11,1,0
1613.7,0,14,1,0
2504.47,1,11,1,0
55.11,0,8,1,0
340.48,0,4,1,1
1196.81,1,3,1,0
112.99,0,11,1,0
3991.91,0,15,1,0
2223.28,1,8,1,0
3177.58,0,2,1,1
767.78,1,20,1,0
1403.52,0,2,1,1
4360.49,0,17,1,0
10000.0,0,16,1,1
206.93,1,9,1,0
8843.1,0,1,1,1
3440.41,1,23,1,0
3319.71,1,10,1,0
2774.82,0,23,1,1
287.68,0,2,1,1
376.7,0,22,1,0
3674.29,0,22,1,0
1667.88,0,1,1,1
9968.6,1,8,1,0
2087.48,1,18,1,0
618.58,1,1,1,0
5017.12,1,18,1,0
1388.9,1,1,1,0
2981.72,0,14,1,0
4787.1,1,23,1,0
9220.92,1,20,1,0
6284.55,0,2,1,1
4512.51,1,4,1,0
4553.15,0,10,1,0
10000.0,1,23,1,0
1402.91,1,6,1,0
10.0,1,5,1,0
1269.57,0,13,1,0
983.05,1,0,1,0
4336.88,0,16,1,0
4017.34,0,16,1,0
3600.31,1,13,1,0
65.51,0,9,1,0
5219.27,1,7,1,0
1563.47,0,7,1,0
4375.17,0,13,1,0
3252.94,1,6,1,0
1678.65,0,5,1,1
578.14,0,3,1,1
396.71,1,0,1,0
7123.71,0,14,1,1
10000.0,1,14,1,0
4196.87,0,0,1,1
436.73,0,19,1,0
2056.84,0,2,1,0
5221.65,0,22,1,0
6053.26,0,4,1,1
503.24,0,4,1,1
10.0,0,3,1,1
4981.08,0,16,1,0
1763.93,0,20,1,0
1174.7,0,19,1,0
51.93,0,13,1,0
3108.72,1,7,1,0
7619.28,1,1,1,0
10000.0,1,7,1,0
3336.49,0,0,1,1
2889.99,1,3,1,0
355.57,1,18,1,0
3184.02,1,4,1,0
1912.01,0,4,1,1
3737.16,1,20,1,0
1968.84,1,19,1,0
1099.32,1,23,1,0
399.13,0,18,1,0
1512.87,0,11,1,0
406.56,0,19,1,0
778.7,0,0,1,1
10000.0,1,6,1,0
2348.69,0,16,1,0
3036.05,0,1,1,1
8273.8,0,10,1,1
10000.0,0,6,1,1
3495.94,0,16,1,0
6695.35,1,2,1,1
1583.69,0,21,1,0
1459.66,0,5,1,1
2061.37,0,21,1,0
4465.16,0,10,1,0
4585.23,0,17,1,0
1514.74,1,17,1,0
571.83,1,21,1,0
4003.0,1,9,1,0
549.36,1,4,1,0
3455.67,0,22,1,0
4729.13,1,22,1,0
4824.05,1,20,1,0
5601.12,1,23,1,0
8249.85,0,21,1,1
2772.26,1,14,1,0
5241.03,1,20,1,0
3861.64,1,19,1,0
826.33,0,22,1,0
104.1,1,3,1,0
1339.33,1,20,1,0
2341.0,1,20,1,0
3839.99,0,0,1,1
7587.4,1,14,1,0
873.85,0,16,1,0
536.64,0,18,1,0
10000.0,0,13,1,1
457.36,1,18,1,0
2604.12,0,17,1,0
3523.34,0,1,1,1
3118.08,1,5,1,0
359.84,1,12,1,0
234.87,0,16,1,0
445.89,1,5,1,0
3523.58,1,20,1,0
3144.08,0,21,1,0
1064.94,0,4,1,1
4061.95,0,6,1,0
6860.69,0,0,1,1
169.87,0,12,1,0
2757.66,1,18,1,0
4675.84,1,21,1,0
1163.08,0,0,1,1
1471.35,0,12,1,0
3803.92,0,10,1,0
9128.59,0,6,1,1
6641.33,0,19,1,1
3499.93,1,2,1,0
5240.62,1,0,1,0
1815.4,0,7,1,0
4097.35,1,16,1,0
2510.8,0,12,1,0
842.57,1,13,1,0
4839.14,0,4,1,1
3251.91,0,23,1,0
1776.54,1,21,1,0
9691.75,0,22,1,1
84.63,1,23,1,0
1517.86,0,5,1,1
234.25,0,21,1,0
5818.76,0,5,1,1
4844.09,0,20,1,0
1609.99,1,7,1,0
4503.89,0,12,1,0
2016.31,1,17,1,0
5646.51,1,22,1,0
2421.89,1,3,1,0
2126.02,0,16,1,0
10000.0,1,4,1,0
1155.42,0,2,1,1
513.37,0,3,1,0
3513.51,0,22,1,0
10000.0,0,4,1,1
1898.23,0,13,1,0
256.18,1,14,1,0
1657.85,0,19,1,0
2820.33,0,16,1,0
706.58,1,5,1,0
4292.97,0,9,1,0
10000.0,0,21,1,1
2404.02,0,22,1,0
1752.34,1,15,1,0
2048.0,0,16,1,0
489.33,0,13,1,0
8591.69,0,19,1,1
2143.38,1,11,1,0
1959.35,1,8,1,0
4311.6,1,14,1,0
2333.82,0,11,1,0
4179.15,0,13,1,0
253.66,0,21,1,0
6722.09,0,17,1,1
10000.0,0,19,1,1
4185.2,0,5,1,1
10000.0,0,3,1,1
656.82,1,22,1,0
2595.88,0,11,1,0
3683.27,1,12,1,0
3486.58,0,18,1,0
2053.06,0,21,1,0
1650.47,0,12,1,0
542.47,0,11,1,0
1988.63,0,19,1,0
710.1,0,2,1,1
5302.54,1,2,1,0
936.97,1,13,1,0
241.4,0,17,1,0
3215.12,1,18,1,0
3617.74,1,9,1,0
8220.18,1,16,1,0
3441.36,1,14,1,0
1695.42,0,18,1,0
6498.45,0,8,1,1
3108.54,0,3,1,1
330.4,0,14,1,0
3337.47,0,18,1,0
9544.67,0,15,1,1
2018.8,1,7,1,0
1405.76,1,16,1,0
619.46,1,20,1,0
656.88,1,0,1,0
2267.97,1,6,1,0
3622.19,0,20,1,0
336.2,0,17,1,0
10000.0,0,11,1,1
5628.17,1,15,1,0
3533.59,0,0,1,1
7051.26,1,14,1,0
334.34,0,6,1,0
2591.46,0,16,1,0
3978.02,1,2,1,0
7056.26,0,10,1,1
6120.1,0,5,1,1
1297.77,0,5,1,0
10000.0,0,14,1,1
531.14,1,6,1,0
8322.04,0,10,1,1
10000.0,0,16,1,1
779.94,0,22,1,0
5121.49,1,17,1,0
164.48,0,21,1,0
2079.62,1,23,1,0
2905.02,1,20,1,0
3476.15,0,18,1,0
10000.0,1,7,1,0
4462.03,1,23,1,0
2625.55,0,19,1,0
6636.09,0,7,1,1
10000.0,1,20,1,0
89.25,1,10,1,0
10000.0,0,20,1,1
360.28,0,2,1,0
6736.36,1,22,1,0
1315.88,1,13,1,0
567.08,1,8,1,0
2318.24,0,0,1,1
4130.81,1,0,1,0
1918.29,0,11,1,0
224.44,0,10,1,0
3659.78,1,20,1,0
9307.65,1,0,1,0
1932.94,0,19,1,0
975.08,0,11,1,0
2337.73,1,16,1,0
198.29,0,14,1,0
6870.04,1,1,1,1
7002.64,1,17,1,0
3546.93,0,15,1,0
1742.27,1,3,1,0
6433.42,1,7,1,0
3235.91,1,1,1,0
6993.24,1,13,1,0
3992.81,1,14,1,0
6137.42,0,8,1,1
3650.82,0,1,1,1
2138.7,1,16,1,0
10000.0,0,9,1,1
3115.81,0,8,1,0
3716.38,1,1,1,0
996.35,1,23,1,0
3930.26,0,18,1,0
3390.86,1,16,1,0
817.48,1,10,1,0
245.74,0,16,1,0
3709.0,1,9,1,0
5770.48,0,17,1,1
2964.32,0,22,1,0
1028.73,0,5,1,1
4392.71,0,15,1,0
333.99,0,17,1,0
2332.39,1,19,1,0
713.48,1,17,1,0
815.61,0,0,1,1
904.06,1,2,1,0
1955.65,0,14,1,0
210.02,0,19,1,0
2028.62,1,9,1,0
2867.36,0,20,1,0
2641.13,0,4,1,1
1930.15,1,14,1,0
7309.05,0,22,1,1
628.14,1,13,1,0
2818.42,0,14,1,0
256.2,0,9,1,0
295.26,0,23,1,0
3412.0,0,8,1,0
3339.01,0,11,1,0
8416.04,0,6,1,1
3264.64,1,4,1,0
10000.0,1,23,1,0
199.68,0,9,1,0
412.6,0,7,1,0
180.27,0,21,1,0
819.63,1,19,1,0
3117.17,1,15,1,0
4149.0,0,11,1,0
186.63,1,8,1,0
10000.0,0,9,1,1
7384.83,0,15,1,1
1407.39,0,9,1,0
321.32,0,8,1,0
744.77,0,2,1,0
543.02,0,18,1,0
526.29,1,10,1,0
2923.91,0,5,1,1
1128.64,0,5,1,1
1773.54,0,14,1,0
10000.0,0,14,1,1
4612.03,0,12,1,0
10000.0,0,21,1,1
615.2,0,4,1,1
1925.97,0,13,1,0
3236.31,0,20,1,0
319.46,0,1,1,1
16.78,1,22,1,0
4439.92,1,11,1,0
4106.87,0,19,1,0
2115.88,0,13,1,0
2690.59,0,18,1,0
2147.6,0,23,1,0
97.19,0,19,1,0
1634.11,0,14,1,0
779.6,0,19,1,0
414.44,1,23,1,0
10000.0,0,16,1,1
3658.77,0,13,1,0
5217.48,0,22,1,1
1515.47,1,17,1,0
1997.88,1,21,1,0
1081.59,0,23,1,0
407.98,1,4,1,0
789.08,0,21,1,0
6388.34,1,11,1,0
4527.18,1,9,1,0
3166.82,0,7,1,0
2578.11,1,5,1,0
10000.0,0,14,1,1
302.06,0,11,1,0
1317.36,0,5,1,1
1722.75,1,11,1,0
6100.86,0,14,1,1
10000.0,0,11,1,1
1101.28,1,8,1,0
8295.66,0,18,1,1
7102.51,0,20,1,1
1017.8,0,1,1,1
2038.86,0,12,1,0
2108.31,0,12,1,0
10000.0,0,7,1,1
798.16,1,12,1,0
6420.95,1,3,1,0
1627.02,0,5,1,1
5250.25,0,5,1,1
2178.98,0,20,1,0
3454.41,1,11,1,0
7149.76,0,11,1,1
6521.94,0,16,1,1
8052.31,1,6,1,0
245.87,0,14,1,0
4711.28,0,23,1,0
603.23,1,16,1,0
2150.17,1,9,1,0
3181.5,0,22,1,0
2061.61,1,19,1,0
2932.64,0,5,1,1
10000.0,1,8,1,0
581.11,0,14,1,0
4501.34,1,15,1,0
2016.73,1,20,1,0
570.91,1,7,1,0
691.4,1,15,1,0
10000.0,0,4,1,1
8467.79,0,17,1,1
9502.43,0,19,1,1
10000.0,1,13,1,0
934.37,1,1,1,0
1756.75,0,22,1,0
4425.2,1,22,1,0
2645.06,1,2,1,0
2167.82,1,13,1,0
1771.49,1,6,1,0
3603.45,0,14,1,0
3428.25,0,16,1,0
704.36,0,0,1,1
2552.67,0,8,1,0
3225.01,1,21,1,0
3378.55,1,13,1,0
943.43,1,15,1,0
5423.39,1,20,1,0
102.09,0,12,1,0
1752.98,0,5,1,1
6060.38,0,21,1,1
3319.47,0,0,1,1
1210.71,0,20,1,0
4749.16,0,3,1,1
3351.68,0,2,1,1
6363.32,0,16,1,1
5312.48,1,1,1,0
3767.54,0,18,1,0
2679.11,0,19,1,0
571.71,0,22,1,0
1211.63,1,21,1,0
2172.7,0,7,1,0
3658.16,0,14,1,0
2883.78,1,5,1,0
1359.75,0,22,1,0
25.94,1,19,1,0
2742.62,0,1,1,1
1345.39,0,14,1,0
5306.19,0,19,1,1
96.95,1,11,1,0
3516.25,0,2,1,1
10000.0,0,9,1,1
766.62,0,13,1,0
2551.98,0,21,1,0
383.5,0,13,1,0
3930.6,1,2,1,0
3198.76,1,0,1,0
2092.71,0,19,1,0
2947.37,0,0,1,1
9075.62,1,1,1,0
874.09,0,18,1,0
91.29,0,23,1,0
7912.3,0,9,1,1
3442.64,1,3,1,0
8853.12,1,3,1,0
3634.73,1,12,1,0
6646.32,0,8,1,1
2246.18,0,6,1,0
5542.94,1,15,1,0
9769.3,0,17,1,1
3395.68,1,2,1,0
797.64,1,19,1,0
1252.26,0,19,1,0
885.8,1,9,1,0
1134.0,0,23,1,0
1463.53,1,21,1,0
3239.93,0,15,1,0
3546.85,0,2,1,0
2223.99,1,10,1,0
3822.42,1,9,1,0
340.38,0,15,1,0
367.53,0,7,1,0
754.14,0,8,1,0
2919.89,0,14,1,0
963.17,0,20,1,0
1332.3,0,2,1,1
2045.39,0,3,1,1
6682.41,0,12,1,1
55.84,0,11,1,0
4192.2,0,20,1,0
4421.06,0,8,1,0
6410.96,1,13,1,0
10000.0,0,18,1,1
81.37,1,6,1,0
667.92,1,15,1,0
8692.24,1,21,1,0
2453.79,1,19,1,0
3325.87,1,4,1,0
4351.01,0,9,1,0
4546.09,0,17,1,0
10000.0,1,10,1,0
10000.0,0,6,1,1
5094.11,1,13,1,0
1354.34,0,19,1,0
8472.81,1,17,1,0
201.89,0,10,1,0
1051.08,0,21,1,0
9107.11,0,11,1,1
1183.89,1,17,1,0
997.19,1,1,1,0
594.58,0,22,1,0
7839.15,1,0,1,0
2773.05,0,22,1,0
4494.41,0,9,1,0
1092.84,0,20,1,0
5675.94,0,0,1,1
5708.56,0,5,1,1
1499.34,0,6,1,0
2115.16,1,16,1,0
941.32,1,8,1,0
10000.0,0,6,1,1
4149.35,0,16,1,0
10000.0,0,2,1,1
1446.09,0,15,1,0
6091.04,0,4,1,1
5807.32,0,19,1,1
4706.15,1,17,1,0
10000.0,1,0,1,0
2000.57,0,3,1,1
560.35,0,22,1,0
4455.42,0,10,1,0
5227.12,1,19,1,0
3423.23,0,8,1,0
926.81,0,7,1,0
2808.4,1,7,1,0
1496.97,0,4,1,0
2230.74,0,11,1,0
4145.01,0,0,1,0
5469.34,0,14,1,1
1057.03,0,17,1,0
2078.96,0,5,1,1
1254.25,0,9,1,0
885.74,0,13,1,0
6118.58,1,20,1,0
9598.71,0,7,1,1
1849.62,0,2,1,1
5565.69,1,21,1,0
9091.92,1,21,1,0
7486.44,1,18,1,0
807.55,0,11,1,0
10000.0,0,11,1,1
1890.76,1,14,1,0
1657.46,1,6,1,0
257.86,0,3,1,1
2663.48,1,20,1,0
461.7,0,8,1,0
1142.95,1,21,1,0
1524.71,1,15,1,0
6618.29,1,12,1,0
8333.43,1,3,1,0
1440.82,1,23,1,0
7827.43,0,8,1,1
7786.11,0,20,1,1
5786.74,0,17,1,1
634.55,0,14,1,0
4688.9,1,14,1,0
10000.0,0,5,1,1
4589.62,0,10,1,0
1611.57,0,7,1,0
2777.23,1,20,1,0
4150.73,0,16,1,0
2858.06,0,23,1,1
511.12,0,16,1,0
1496.24,1,23,1,0
6485.96,0,17,1,1
7905.17,1,3,1,1
590.75,0,14,1,0
10000.0,0,1,1,1
1594.89,1,1,1,0
4342.55,0,9,1,0
5574.49,0,2,1,1
6684.11,0,7,1,1
10000.0,0,19,1,1
1501.22,0,6,1,0
7822.0,0,11,1,1
564.81,0,18,1,0
4883.67,0,14,1,0
5418.84,1,13,1,0
4529.38,1,15,1,0
1163.09,0,13,1,0
8255.63,0,2,1,1
739.82,0,17,1,0
220.51,0,21,1,0
5055.81,0,5,1,1
2581.05,0,16,1,0
7564.5,0,22,1,1
1934.12,0,13,1,0
737.03,0,13,1,0
7242.36,1,19,1,0
3184.35,0,12,1,0
838.91,1,2,1,0
5097.35,1,12,1,0
2862.5,0,23,1,0
3708.53,0,1,1,1
2471.4,0,8,1,0
7057.57,0,12,1,1
7077.55,0,7,1,1
4943.08,1,15,1,0
445.52,0,23,1,0
7301.77,0,2,1,1
4446.95,1,12,1,0
4776.41,1,3,1,0
1803.83,0,17,1,0
8457.11,1,1,1,0
5169.35,0,19,1,1
477.79,0,21,1,0
2095.5,0,20,1,0
8699.6,0,14,1,1
193.39,1,16,1,0
10000.0,0,9,1,1
4547.28,0,0,1,1
3991.91,0,5,1,1
1261.91,0,2,1,1
1144.29,0,18,1,0
10000.0,0,6,1,1
1416.84,1,12,1,0
5975.61,0,12,1,1
1997.71,0,16,1,0
599.82,0,0,1,1
43.09,0,13,1,0
3143.31,0,2,1,1
10000.0,1,13,1,0
1842.66,1,23,1,0
1767.64,0,0,1,1
1686.94,0,15,1,0
2940.41,1,9,1,0
2324.03,0,12,1,0
8478.21,0,3,1,1
2817.0,0,8,1,0
2835.14,1,13,1,0
595.72,0,3,1,1
10000.0,1,9,1,0
1150.58,1,7,1,0
304.78,0,22,1,0
4352.43,1,2,1,0
3619.09,1,22,1,0
2145.57,0,6,1,0
2194.06,0,9,1,0
6149.66,0,2,1,1
871.19,0,1,1,1
6864.83,0,14,1,1
4185.0,0,8,1,0
2171.81,0,14,1,0
2450.17,1,16,1,0
1186.34,0,6,1,0
5579.15,0,19,1,1
2876.94,0,17,1,0
1547.68,0,14,1,0
3625.86,0,17,1,0
10000.0,0,23,1,1
2285.58,0,22,1,0
10000.0,1,11,1,0
1692.58,1,22,1,0
225.15,0,20,1,0
913.84,1,7,1,0
2169.92,1,1,1,0
991.97,0,1,1,1
10.0,1,4,1,0
9860.49,1,0,1,0
7428.51,0,21,1,1
5423.72,0,3,1,1
734.8,0,5,1,1
512.99,0,22,1,0
279.99,1,12,1,0
5149.84,0,18,1,1
10000.0,1,10,1,1
2252.24,1,12,1,0
507.43,1,7,1,0
2872.98,1,6,1,0
1715.95,0,12,1,0
1878.89,0,0,1,1
3884.37,1,5,1,0
5073.59,0,6,1,1
468.85,0,15,1,0
144.96,1,14,1,0
10000.0,1,19,1,0
1059.66,0,1,1,1
221.33,1,22,1,0
842.27,1,15,1,0
158.95,0,16,1,0
1989.08,0,23,1,0
6486.08,1,14,1,0
1669.61,0,2,1,1
2349.27,0,3,1,1
4502.95,0,11,1,0
2844.38,1,4,1,0
7905.97,0,16,1,1
8040.73,0,5,1,1
39.84,0,9,1,0
6021.15,1,21,1,0
2470.18,0,17,1,0
10000.0,0,9,1,1
2640.65,1,5,1,0
10000.0,0,23,1,1
5618.96,1,5,1,1
1143.29,1,19,1,0
3092.18,1,14,1,0
10000.0,0,3,1,1
7794.51,1,15,1,0
409.76,1,21,1,0
4901.77,1,23,1,0
1696.02,0,7,1,0
28.03,1,6,1,0
2066.58,0,18,1,0
1070.23,0,16,1,0
6834.14,0,20,1,1
1645.92,1,12,1,0
7029.98,0,14,1,1
10.0,0,1,1,1
1471.63,1,9,1,0
1103.88,0,12,1,0
1064.03,1,17,1,0
282.49,0,22,1,0
828.71,0,10,1,0
3243.67,1,12,1,0
1377.64,1,18,1,0
2160.98,0,23,1,0
1891.98,1,23,1,0
8346.83,0,21,1,1
9428.12,0,4,1,1
2716.64,0,2,1,0
1602.84,0,18,1,0
451.78,0,22,1,0
10000.0,0,12,1,1
248.47,0,4,1,0
1413.3,0,11,1,0
1415.66,0,13,1,0
1545.01,0,5,1,1
717.88,1,21,1,0
6114.41,1,8,1,0
522.7,0,16,1,0
4030.41,1,7,1,0
528.85,1,12,1,0
292.59,0,4,1,1
9606.51,0,21,1,1
843.52,1,21,1,0
6887.07,0,16,1,1
3146.59,1,2,1,0
324.22,1,5,1,0
10000.0,1,13,1,0
1134.55,1,14,1,0
7854.33,0,13,1,1
739.59,0,10,1,0
7695.03,1,10,1,0
53.27,0,8,1,0
2867.96,1,5,1,0
5869.02,1,14,1,0
10000.0,1,11,1,0
9596.48,0,5,1,1
6850.87,0,0,1,1
8763.87,0,15,1,1
888.67,0,19,1,0
1337.33,1,14,1,0
1364.15,1,1,1,0
1893.18,1,16,1,0
1999.02,0,2,1,1
3145.92,0,2,1,1
696.84,1,4,1,0
4700.85,0,16,1,0
733.61,0,22,1,0
1486.04,1,16,1,0
2799.44,1,19,1,0
6367.19,0,5,1,1
5380.14,1,0,1,0
4148.58,0,6,1,0
677.34,1,14,1,0
3167.85,0,6,1,0
366.03,0,18,1,0
1895.17,1,19,1,0
2134.44,0,21,1,0
162.5,1,10,1,0
1280.76,1,22,1,0
10000.0,1,13,1,0
10000.0,1,12,1,0
1737.48,0,19,1,0
176.23,1,8,1,0
789.39,0,8,1,0
1991.75,0,15,1,0
10000.0,1,11,1,0
608.87,0,9,1,0
5767.5,0,5,1,1
460.22,0,17,1,0
10000.0,1,1,1,0
1922.59,1,19,1,0
5970.79,0,8,1,1
1677.8,0,18,1,0
3951.89,1,5,1,0
852.85,0,1,1,1
631.39,0,14,1,0
10000.0,0,16,1,1
9986.98,0,15,1,1
8738.1,0,20,1,1
3927.94,1,7,1,0
6606.63,0,9,1,1
286.14,1,9,1,0
1630.6,1,17,1,0
1505.78,1,9,1,0
4038.51,0,8,1,0
1759.96,0,23,1,0
643.05,0,18,1,0
3629.99,1,0,1,0
6736.3,0,3,1,1
1925.87,0,23,1,1
567.49,0,2,1,1
876.05,0,9,1,0
1084.52,0,11,1,0
1426.11,0,17,1,0
4117.78,0,22,1,0
3674.63,0,19,1,0
4763.96,0,5,1,1
1800.82,1,20,1,0
6949.03,0,1,1,1
913.06,0,9,1,0
2532.28,0,1,1,1
6456.57,0,8,1,1
794.58,1,9,1,0
465.52,0,1,1,1
8605.78,1,7,1,0
1679.86,1,23,1,0
4606.41,1,16,1,0
102.7,0,16,1,0
4685.34,0,3,1,1
1519.78,1,17,1,0
229.42,0,11,1,0
3764.51,1,16,1,0
1101.98,1,8,1,0
1956.3,1,18,1,0
336.05,0,13,1,0
636.75,1,13,1,0
1415.16,1,16,1,0
376.19,1,1,1,0
9668.67,0,7,1,1
24.26,0,4,1,1
2645.51,0,6,1,0
526.12,0,21,1,0
1470.82,0,15,1,0
10000.0,1,15,1,0
705.49,0,16,1,0
10000.0,1,21,1,0
921.65,0,6,1,0
5412.46,0,19,1,1
3164.6,0,7,1,0
8633.2,0,7,1,1
3229.68,1,22,1,0
3059.08,0,10,1,0
869.93,1,14,1,0
727.19,0,17,1,0
9931.11,1,5,1,0
1589.02,0,21,1,0
1861.38,0,11,1,0
5705.53,0,14,1,1
1654.94,0,22,1,0
10000.0,0,5,1,1
5356.54,1,17,1,0
3639.54,1,23,1,0
8511.0,1,19,1,0
203.51,0,8,1,0
1188.57,0,7,1,0
2502.23,0,13,1,0
1029.79,1,18,1,0
5448.83,1,18,1,0
10000.0,1,7,1,0
2204.99,1,1,1,0
1675.01,0,3,1,1
10000.0,0,5,1,1
2354.09,0,2,1,1
2685.92,0,2,1,1
1733.3,0,18,1,0
9611.76,0,10,1,1
3366.18,1,9,1,0
5744.87,1,11,1,0
6681.14,1,13,1,0
1673.28,1,17,1,0
2274.49,0,23,1,0
7547.93,0,8,1,1
1805.55,1,14,1,0
6318.26,0,23,1,1
10000.0,0,2,1,1
3904.27,0,22,1,0
5413.41,0,10,1,1
6541.02,0,9,1,1
7458.34,0,17,1,1
2010.46,0,3,1,1
210.5,1,12,1,0
2055.83,0,5,1,1
4480.44,0,20,1,0
2393.9,0,12,1,0
5528.62,0,19,1,1
1766.33,1,4,1,0
4028.63,1,19,1,0
825.24,1,13,1,0
5535.1,0,12,1,1
3155.95,0,13,1,0
912.95,0,7,1,0
1380.74,0,15,1,0
5522.98,0,12,1,1
2635.77,0,23,1,0
973.55,0,14,1,0
10000.0,1,18,1,0
5022.82,0,0,1,1
10000.0,1,21,1,0
2228.21,0,1,1,1
2578.19,0,17,1,0
9129.37,1,18,1,0
2978.18,1,7,1,0
4914.14,0,2,1,0
1162.33,0,22,1,0
2367.61,0,13,1,0
527.05,0,8,1,0
922.59,1,7,1,0
10.0,1,16,1,0
160.23,1,22,1,0
10000.0,0,22,1,1
1110.15,1,23,1,0
4354.38,0,15,1,0
7307.88,1,9,1,0
3199.91,1,20,1,0
664.9,0,9,1,0
5209.53,0,23,1,1
3667.68,0,5,1,0
5255.9,0,21,1,1
5874.3,1,16,1,0
10000.0,0,15,1,1
3409.17,0,14,1,0
1672.02,0,21,1,0
4181.78,1,13,1,0
283.58,0,3,1,1
9107.56,1,3,1,1
508.52,1,1,1,0
1589.05,1,10,1,0
6765.75,0,3,1,1
3638.38,0,20,1,0
